도면요청번호,제품그룹,Location,담당자,요청일
ES25-374,C,국내,노*경,2025-12-17 17:36:00
ES25-372,L,국내,남*모,2025-12-17 10:25:00
ES25-371,K,국내,나*준,2025-12-16 15:02:00
ES25-370,B,국내,노*경,2025-12-16 11:02:00
ES25-369,K,국내,나*준,2025-12-16 09:06:00
ES25-368,K,국내,나*준,2025-12-11 15:39:00
ES25-367,E,국내,김*민,2025-12-10 17:39:00
ES25-366,C,국내,노*경,2025-12-10 17:05:00
ES25-365,E,국내,나*준,2025-12-10 14:48:00
ES25-364,G,국내,나*준,2025-12-09 17:19:00
ES25-362,C,국내,노*경,2025-12-05 14:30:00
ES25-361,K,국내,나*준,2025-12-03 17:33:00
ES25-360,C,국내,노*경,2025-12-03 10:59:00
ES25-359,A,국내,김*민,2025-12-02 13:36:00
ES25-358,C,국내,노*경,2025-12-01 11:04:00
ES25-357,K,국내,김*민,2025-12-01 13:04:00
ES25-356,E,국내,노*경,2025-11-28 10:51:00
ES25-355,K,국내,김*민,2025-11-27 14:02:00
ES25-354,C,국내,노*경,2025-11-27 13:17:00
ES25-353,M,국내,김*민,2025-11-27 10:49:00
ES25-352,I,국내,김*민,2025-11-27 08:42:00
ES25-351,A,국내,김*민,2025-11-27 08:43:00
ES25-350,K,국내,노*경,2025-11-26 17:36:00
ES25-349,I,국내,노*경,2025-11-26 14:22:00
ES25-348,C,국내,노*경,2025-11-24 14:22:00
ES25-347,E,해외,김*민,2025-11-20 15:43:00
ES25-346,E,국내,박*호,2025-11-20 16:27:00
ES25-345,E,국내,노*경,2025-11-20 15:47:00
ES25-344,I,국내,노*경,2025-11-20 10:36:00
ES25-343,E,국내,노*경,2025-11-19 14:35:00
ES25-342,F,국내,박*호,2025-11-19 15:27:00
ES25-341,C,국내,노*경,2025-11-17 17:37:00
ES25-340,J,국내,노*경,2025-11-18 10:54:00
ES25-339,F,국내,노*경,2025-11-18 11:12:00
ES25-338,K,국내,김*민,2025-11-18 09:16:00
ES25-337,C,국내,노*경,2025-11-14 15:13:00
ES25-336,K,해외,김*민,2025-11-17 09:37:00
ES25-335,D,국내,박*호,2025-11-14 13:51:00
ES25-334,B,국내,노*경,2025-11-14 09:35:00
ES25-333,A,국내,김*민,2025-11-14 13:12:00
ES25-332,I,국내,박*호,2025-11-12 11:27:00
ES25-331,D,국내,박*호,2025-11-10 14:36:00
ES25-330,G,국내,노*경,2025-11-10 09:30:00
ES25-329,E,국내,노*경,2025-11-06 16:11:00
ES25-328,E,국내,노*경,2025-11-06 15:52:00
ES25-327,J,국내,노*경,2025-11-06 15:48:00
ES25-326,B,국내,노*경,2025-11-06 16:12:00
ES25-325,C,국내,노*경,2025-11-05 14:56:00
ES25-324,F,국내,노*경,2025-11-05 13:31:00
ES25-323,E,해외,노*경,2025-11-04 14:00:00
ES25-322,D,국내,노*경,2025-11-04 13:19:00
ES25-321,K,국내,박*호,2025-11-03 16:37:00
ES25-320,F,국내,김*민,2025-11-03 17:27:00
ES25-319,F,국내,박*호,2025-10-30 14:42:00
ES25-318,B,국내,김*민,2025-10-30 08:51:00
ES25-317,B,국내,김*민,2025-10-29 18:01:00
ES25-316,I,국내,김*민,2025-10-30 08:50:00
ES25-315,J,국내,노*경,2025-10-29 11:29:00
ES25-314,C,국내,노*경,2025-10-29 11:27:00
ES25-312,K,국내,김*민,2025-10-29 10:02:00
ES25-311,K,국내,박*호,2025-10-30 09:45:00
ES25-310,F,국내,노*경,2025-10-28 16:41:00
ES25-309,K,국내,노*경,2025-10-28 13:08:00
ES25-308,L,국내,박*호,2025-10-24 16:19:00
ES25-307,A,국내,김*민,2025-10-23 19:12:00
ES25-306,D,국내,노*경,2025-10-23 16:49:00
ES25-305,B,국내,노*경,2025-10-24 09:20:00
ES25-304,H,국내,박*호,2025-10-24 09:01:00
ES25-302,I,국내,노*경,2025-10-22 09:47:00
ES25-301,F,국내,김*민,2025-10-22 10:48:00
ES25-300,E,국내,박*호,2025-10-21 10:21:00
ES25-299,R,국내,김*민,2025-10-20 14:47:00
ES25-298,K,국내,김*민,2025-10-20 14:34:00
ES25-297,C,국내,노*경,2025-10-20 10:41:00
ES25-296,H,국내,김*민,2025-10-20 10:06:00
ES25-295,E,국내,노*경,2025-10-15 11:22:00
ES25-294,F,국내,박*호,2025-10-15 14:43:00
ES25-293,D,국내,김*민,2025-10-07 13:32:00
ES25-292,J,국내,박*호,2025-10-02 09:25:00
ES25-291,L,국내,박*호,2025-10-01 14:33:00
ES25-290,K,국내,노*경,2025-10-01 11:31:00
ES25-289,K,국내,박*호,2025-09-30 09:19:00
ES25-288,C,국내,노*경,2025-09-30 14:43:00
ES25-287,K,국내,남*모,2025-09-30 09:56:00
ES25-286,K,국내,박*호,2025-09-30 09:15:00
ES25-285,ETC,국내,노*경,2025-10-15 17:38:00
ES25-284,J,국내,노*경,2025-09-30 15:06:00
ES25-283,K,국내,박*호,2025-09-25 11:07:00
ES25-282,R,국내,김*민,2025-09-24 16:35:00
ES25-281,E,국내,노*경,2025-09-24 11:37:00
ES25-280,K,국내,노*경,2025-09-22 09:12:00
ES25-279,C,국내,노*경,2025-09-19 12:16:00
ES25-278,B,국내,남*모,2025-09-17 13:35:00
ES25-277,K,국내,김*민,2025-09-16 16:26:00
ES25-276,K,국내,노*경,2025-09-16 17:26:00
ES25-275,K,국내,노*경,2025-09-16 17:25:00
ES25-274,K,국내,남*모,2025-09-16 11:02:00
ES25-273,E,국내,남*모,2025-09-12 17:52:00
ES25-272,B,국내,남*모,2025-09-12 17:18:00
ES25-271,K,국내,김*민,2025-09-11 19:19:00
ES25-270,B,국내,노*경,2025-09-08 15:30:00
ES25-269,G,국내,김*민,2025-09-11 13:45:00
ES25-268,A,국내,김*민,2025-09-08 14:16:00
ES25-267,K,국내,김*민,2025-09-11 13:47:00
ES25-265,K,국내,남*모,2025-09-09 12:20:00
ES25-264,K,국내,남*모,2025-09-11 19:53:00
ES25-263,G,국내,노*경,2025-09-05 14:16:00
ES25-262,D,국내,박*호,2025-09-08 14:46:00
ES25-261,L,국내,박*호,2025-09-08 17:43:00
ES25-260,C,국내,노*경,2025-09-03 17:08:00
ES25-259,K,국내,남*모,2025-09-11 19:55:00
ES25-258,F,국내,노*경,2025-09-03 14:58:00
ES25-257,K,국내,노*경,2025-09-11 19:54:00
ES25-256,E,국내,노*경,2025-09-01 11:37:00
ES25-255,L,국내,노*경,2025-08-29 14:49:00
ES25-254,E,국내,노*경,2025-08-29 10:20:00
ES25-253,E,국내,노*경,2025-08-28 11:16:00
ES25-252,K,해외,노*경,2025-08-27 09:54:00
ES25-251,C,국내,노*경,2025-08-26 13:53:00
ES25-250,C,국내,노*경,2025-08-26 13:52:00
ES25-249,E,국내,남*모,2025-08-27 13:39:00
ES25-248,C,국내,노*경,2025-08-26 09:45:00
ES25-247,J,국내,노*경,2025-08-26 09:46:00
ES25-246,K,국내,노*경,2025-08-27 09:53:00
ES25-245,H,국내,박*호,2025-08-25 09:36:00
ES25-244,K,국내,남*모,2025-08-22 13:52:00
ES25-243,H,국내,남*모,2025-08-21 15:59:00
ES25-242,L,국내,박*호,2025-08-20 17:21:00
ES25-241,L,국내,박*호,2025-08-19 10:01:00
ES25-240,B,국내,남*모,2025-08-19 17:42:00
ES25-239,F,국내,남*모,2025-08-19 10:08:00
ES25-238,C,국내,노*경,2025-08-18 15:26:00
ES25-237,D,국내,박*호,2025-08-19 09:59:00
ES25-236,J,국내,노*경,2025-08-18 15:25:00
ES25-235,E,국내,박*호,2025-08-14 11:48:00
ES25-234,B,국내,김*민,2025-08-14 09:43:00
ES25-233,E,국내,박*호,2025-08-12 13:06:00
ES25-232,C,국내,노*경,2025-08-11 17:11:00
ES25-231,G,국내,남*모,2025-08-07 09:31:00
ES25-230,I,국내,박*호,2025-08-06 14:08:00
ES25-229,ETC,국내,노*경,2025-08-11 17:12:00
ES25-228,ETC,국내,노*경,2025-08-05 13:30:00
ES25-227,F,국내,박*호,2025-08-04 13:27:00
ES25-226,E,국내,박*호,2025-08-01 09:39:00
ES25-225,A,국내,박*호,2025-07-29 13:02:00
ES25-224,K,국내,박*호,2025-07-25 11:53:00
ES25-223,D,국내,김*민,2025-07-24 18:07:00
ES25-222,K,국내,남*모,2025-07-23 10:45:00
ES25-221,ETC,국내,박*호,2025-07-22 15:09:00
ES25-220,B,국내,남*모,2025-07-22 15:21:00
ES25-219,E,국내,나*준,2025-07-22 14:58:00
ES25-218,K,국내,박*호,2025-07-21 09:07:00
ES25-217,B,국내,김*민,2025-07-23 08:49:00
ES25-216,K,국내,남*모,2025-07-16 09:15:00
ES25-215,L,국내,노*경,2025-07-11 10:04:00
ES25-214,E,국내,노*경,2025-07-11 09:12:00
ES25-213,E,국내,노*경,2025-07-11 09:11:00
ES25-212,D,국내,남*모,2025-07-09 15:59:00
ES25-211,G,국내,남*모,2025-07-09 15:15:00
ES25-210,D,국내,노*경,2025-07-07 15:53:00
ES25-209,F,국내,노*경,2025-07-07 15:52:00
ES25-208,C,국내,노*경,2025-07-04 15:26:00
ES25-205,A,국내,권*태,2025-07-01 13:37:00
ES25-203,R,국내,남*모,2025-07-01 09:44:00
ES25-202,K,국내,박*호,2025-07-01 09:56:00
ES25-201,E,국내,박*호,2025-06-30 16:53:00
ES25-200,K,국내,김*민,2025-06-26 09:13:00
ES25-199,K,국내,김*민,2025-06-24 10:13:00
ES25-198,K,국내,박*호,2025-06-24 10:12:00
ES25-197,K,국내,박*호,2025-06-26 09:11:00
ES25-196,K,국내,노*경,2025-06-20 12:09:00
ES25-195,C,국내,노*경,2025-06-19 13:55:00
ES25-194,B,국내,남*모,2025-06-19 12:00:00
ES25-193,B,국내,김*민,2025-06-18 08:40:00
ES25-192,C,국내,노*경,2025-06-13 17:00:00
ES25-191,K,국내,노*경,2025-06-13 12:34:00
ES25-190,K,국내,남*모,2025-06-16 09:47:00
ES25-189,K,국내,노*경,2025-06-12 17:12:00
ES25-188,I,국내,노*경,2025-06-12 17:11:00
ES25-187,I,국내,노*경,2025-06-12 17:10:00
ES25-186,A,국내,박*호,2025-06-13 09:26:00
ES25-185,A,국내,노*경,2025-06-13 09:08:00
ES25-184,G,국내,노*경,2025-06-11 10:53:00
ES25-183,O,국내,김*민,2025-06-16 09:08:00
ES25-182,D,국내,노*경,2025-06-11 10:42:00
ES25-181,G,국내,남*모,2025-06-10 18:14:00
ES25-180,K,국내,노*경,2025-06-10 17:51:00
ES25-179,L,국내,박*호,2025-06-10 18:01:00
ES25-178,K,국내,나*준,2025-06-09 10:21:00
ES25-177,B,국내,박*호,2025-06-09 14:30:00
ES25-176,K,국내,노*경,2025-06-05 11:40:00
ES25-175,B,국내,김*민,2025-06-05 13:21:00
ES25-174,E,국내,남*모,2025-05-29 13:40:00
ES25-173,O,국내,박*호,2025-05-29 09:11:00
ES25-172,E,국내,남*모,2025-05-28 11:22:00
ES25-171,K,국내,노*경,2025-05-29 16:54:00
ES25-170,B,국내,남*모,2025-05-27 13:21:00
ES25-169,C,국내,노*경,2025-05-27 13:31:00
ES25-168,E,국내,노*경,2025-05-26 09:26:00
ES25-167,K,국내,노*경,2025-05-26 14:26:00
ES25-166,B,국내,남*모,2025-05-22 15:34:00
ES25-165,C,국내,노*경,2025-05-21 14:03:00
ES25-164,L,국내,박*호,2025-05-21 11:44:00
ES25-162,D,국내,노*경,2025-05-20 11:00:00
ES25-161,D,국내,김*민,2025-05-19 13:44:00
ES25-160,R,국내,남*모,2025-05-19 14:19:00
ES25-159,C,국내,노*경,2025-05-16 09:19:00
ES25-158,I,국내,김*민,2025-05-15 09:11:00
ES25-157,J,국내,노*경,2025-05-14 10:53:00
ES25-156,E,국내,노*경,2025-05-13 11:36:00
ES25-155,C,국내,노*경,2025-05-13 11:38:00
ES25-154,E,국내,박*호,2025-05-09 15:54:00
ES25-153,E,국내,노*경,2025-05-09 10:55:00
ES25-152,L,국내,박*호,2025-05-09 17:11:00
ES25-151,C,국내,노*경,2025-05-08 16:01:00
ES25-150,G,국내,남*모,2025-05-08 19:42:00
ES25-149,E,국내,노*경,2025-05-08 17:24:00
ES25-148,C,국내,노*경,2025-05-08 16:02:00
ES25-147,E,국내,박*호,2025-05-08 17:47:00
ES25-146,K,해외,박*호,2025-05-07 19:01:00
ES25-145,B,국내,김*민,2025-05-09 10:03:00
ES25-144,C,국내,노*경,2025-05-07 10:23:00
ES25-143,E,국내,박*호,2025-04-29 08:51:00
ES25-142,E,국내,남*모,2025-04-28 19:47:00
ES25-141,B,국내,남*모,2025-04-28 19:44:00
ES25-139,G,국내,남*모,2025-04-24 09:44:00
ES25-138,E,국내,김*민,2025-04-22 15:36:00
ES25-137,I,국내,김*민,2025-04-22 15:34:00
ES25-135,J,국내,박*호,2025-04-21 16:59:00
ES25-134,K,국내,박*호,2025-04-22 16:38:00
ES25-133,I,국내,박*호,2025-04-18 18:11:00
ES25-132,K,국내,박*호,2025-04-18 18:08:00
ES25-131,C,국내,노*경,2025-04-18 16:26:00
ES25-130,E,국내,박*호,2025-04-17 14:39:00
ES25-129,J,국내,노*경,2025-04-16 11:19:00
ES25-128,J,국내,박*호,2025-04-17 09:04:00
ES25-127,ETC,국내,나*준,2025-04-15 09:17:00
ES25-126,A,국내,나*준,2025-04-15 16:44:00
ES25-125,E,국내,박*호,2025-04-11 14:12:00
ES25-124,K,해외,남*모,2025-04-15 17:29:00
ES25-123,C,국내,노*경,2025-04-10 13:10:00
ES25-121,F,국내,노*경,2025-04-10 13:09:00
ES25-120,K,국내,노*경,2025-04-09 11:57:00
ES25-119,I,국내,나*준,2025-04-09 09:55:00
ES25-118,B,국내,박*호,2025-04-09 13:21:00
ES25-117,C,국내,노*경,2025-04-07 15:48:00
ES25-116,E,국내,나*준,2025-04-04 11:48:00
ES25-115,K,국내,나*준,2025-04-04 09:25:00
ES25-114,J,국내,노*경,2025-04-08 10:49:00
ES25-113,L,국내,나*준,2025-04-08 09:48:00
ES25-112,C,국내,노*경,2025-04-02 11:11:00
ES25-111,K,국내,박*호,2025-04-02 15:44:00
ES25-110,D,국내,남*모,2025-04-02 11:23:00
ES25-109,C,국내,노*경,2025-04-01 17:57:00
ES25-108,J,국내,노*경,2025-03-31 14:51:00
ES25-107,E,국내,노*경,2025-04-01 17:58:00
ES25-106,E,국내,박*호,2025-03-31 11:35:00
ES25-105,F,해외,박*호,2025-03-31 10:11:00
ES25-104,K,국내,나*준,2025-03-31 10:10:00
ES25-103,F,국내,남*모,2025-03-31 11:33:00
ES25-102,L,국내,박*호,2025-03-28 11:01:00
ES25-101,E,국내,노*경,2025-03-27 13:45:00
ES25-100,K,국내,박*호,2025-03-27 14:17:00
ES25-099,K,국내,노*경,2025-03-26 11:15:00
ES25-098,K,국내,노*경,2025-03-26 11:39:00
ES25-097,K,국내,노*경,2025-03-24 16:58:00
ES25-095,K,국내,노*경,2025-03-27 13:17:00
ES25-093,K,국내,노*경,2025-03-24 09:03:00
ES25-092,E,국내,나*준,2025-03-21 14:58:00
ES25-091,C,국내,노*경,2025-03-21 16:35:00
ES25-090,E,국내,노*경,2025-03-21 09:16:00
ES25-089,K,국내,나*준,2025-03-20 14:39:00
ES25-088,C,국내,노*경,2025-03-20 09:08:00
ES25-087,B,국내,노*경,2025-03-20 09:14:00
ES25-086,E,국내,나*준,2025-03-19 08:53:00
ES25-085,O,국내,나*준,2025-03-17 15:00:00
ES25-084,K,국내,나*준,2025-03-14 11:54:00
ES25-083,E,국내,남*모,2025-03-13 14:38:00
ES25-082,E,국내,남*모,2025-03-13 14:27:00
ES25-081,G,국내,남*모,2025-03-13 14:21:00
ES25-080,K,국내,남*모,2025-03-13 12:13:00
ES25-079,K,국내,나*준,2025-03-13 10:06:00
ES25-078,K,국내,박*호,2025-03-12 09:26:00
ES25-077,E,해외,남*모,2025-03-10 17:18:00
ES25-076,K,국내,나*준,2025-03-07 16:35:00
ES25-075,C,국내,노*경,2025-03-10 09:29:00
ES25-074,E,국내,박*호,2025-03-10 09:47:00
ES25-073,K,국내,박*호,2025-03-06 11:37:00
ES25-072,E,국내,남*모,2025-03-06 09:58:00
ES25-071,E,국내,노*경,2025-03-05 11:11:00
ES25-070,E,국내,박*호,2025-03-04 13:05:00
ES25-069,I,해외,나*준,2025-02-28 13:42:00
ES25-068,F,국내,노*경,2025-02-28 10:46:00
ES25-067,A,국내,김*민,2025-02-27 16:21:00
ES25-066,K,국내,나*준,2025-02-27 09:35:00
ES25-065,K,국내,나*준,2025-02-25 10:16:00
ES25-064,C,국내,노*경,2025-02-25 12:00:00
ES25-063,K,국내,나*준,2025-02-21 18:51:00
ES25-062,K,국내,나*준,2025-02-19 10:59:00
ES25-061,D,국내,박*호,2025-02-18 13:28:00
ES25-059,J,국내,박*호,2025-02-18 09:42:00
ES25-058,I,국내,노*경,2025-02-17 16:08:00
ES25-057,I,국내,나*준,2025-02-14 12:29:00
ES25-056,E,국내,박*호,2025-02-14 09:19:00
ES25-055,C,국내,노*경,2025-02-12 17:03:00
ES25-054,B,국내,권*태,2025-02-17 13:38:00
ES25-053,I,국내,노*경,2025-02-12 09:11:00
ES25-052,K,국내,박*호,2025-02-13 10:15:00
ES25-051,E,국내,노*경,2025-02-11 16:06:00
ES25-050,K,해외,나*준,2025-02-11 09:53:00
ES25-049,E,국내,노*경,2025-02-10 17:42:00
ES25-048,E,해외,노*경,2025-02-10 16:02:00
ES25-047,K,국내,나*준,2025-02-07 15:07:00
ES25-046,E,해외,박*호,2025-02-07 15:21:00
ES25-045,E,국내,나*준,2025-02-07 15:08:00
ES25-044,B,국내,나*준,2025-02-07 08:53:00
ES25-043,J,국내,박*호,2025-02-07 09:05:00
ES25-042,C,국내,노*경,2025-02-06 15:45:00
ES25-041,D,국내,노*경,2025-02-06 08:59:00
ES25-040,I,국내,노*경,2025-02-06 09:02:00
ES25-039,E,해외,박*호,2025-02-05 10:58:00
ES25-038,I,해외,나*준,2025-02-05 08:58:00
ES25-037,I,국내,박*호,2025-02-05 11:11:00
ES25-036,E,국내,남*모,2025-02-04 09:32:00
ES25-035,K,국내,남*모,2025-01-24 13:19:00
ES25-034,G,국내,남*모,2025-01-24 11:12:00
ES25-033,E,국내,나*준,2025-01-23 17:10:00
ES25-032,L,국내,나*준,2025-01-23 17:08:00
ES25-031,C,국내,노*경,2025-01-23 13:45:00
ES25-030,J,국내,박*호,2025-01-22 15:48:00
ES25-029,K,국내,나*준,2025-01-21 17:52:00
ES25-028,K,국내,나*준,2025-01-17 17:35:00
ES25-027,E,국내,나*준,2025-01-17 17:42:00
ES25-026,F,국내,노*경,2025-01-17 16:32:00
ES25-025,F,국내,노*경,2025-01-17 16:23:00
ES25-024,D,국내,박*호,2025-01-17 10:08:00
ES25-023,G,국내,남*모,2025-01-16 18:01:00
ES25-022,B,국내,남*모,2025-01-15 17:21:00
ES25-021,K,국내,박*호,2025-01-15 17:43:00
ES25-020,K,국내,남*모,2025-01-15 16:00:00
ES25-019,J,국내,박*호,2025-01-15 13:06:00
ES25-018,K,국내,나*준,2025-01-15 11:19:00
ES25-017,B,국내,남*모,2025-01-14 16:41:00
ES25-016,B,국내,남*모,2025-01-14 16:15:00
ES25-015,F,국내,노*경,2025-01-14 10:39:00
ES25-014,L,국내,나*준,2025-01-13 09:39:00
ES25-013,B,해외,박*호,2025-01-13 13:27:00
ES25-012,E,국내,박*호,2025-01-09 13:38:00
ES25-011,F,국내,나*준,2025-01-09 09:32:00
ES25-010,C,국내,노*경,2025-01-08 16:41:00
ES25-009,F,국내,김*민,2025-01-14 09:02:00
ES25-008,F,국내,나*준,2025-01-09 09:31:00
ES25-007,F,국내,나*준,2025-01-08 08:40:00
ES25-006,B,국내,김*민,2025-01-09 13:13:00
ES25-005,E,해외,나*준,2025-01-07 08:55:00
ES25-004,D,국내,노*경,2025-01-06 17:23:00
ES25-003,F,국내,나*준,2025-01-06 13:53:00
ES25-002,I,국내,노*경,2025-01-06 11:19:00
ES25-001,F,국내,노*경,2025-01-06 11:43:00
ES24-422,C,국내,노*경,2024-12-31 11:53:00
ES24-421,D,국내,노*경,2024-12-26 14:38:00
ES24-420,L,국내,남*모,2024-12-24 09:45:00
ES24-419,F,국내,노*경,2024-12-26 15:07:00
ES24-418,F,국내,노*경,2024-12-23 13:04:00
ES24-417,C,국내,노*경,2024-12-19 10:19:00
ES24-416,L,국내,나*준,2024-12-18 11:24:00
ES24-415,K,국내,남*모,2024-12-18 11:07:00
ES24-414,L,국내,김*민,2024-12-18 17:00:00
ES24-413,J,국내,박*호,2024-12-17 09:21:00
ES24-412,B,국내,남*모,2024-12-17 09:36:00
ES24-411,F,국내,노*경,2024-12-17 09:08:00
ES24-410,A,국내,노*경,2024-12-16 14:08:00
ES24-409,F,국내,노*경,2024-12-16 14:13:00
ES24-408,F,국내,노*경,2024-12-13 11:27:00
ES24-407,E,국내,나*준,2024-12-12 16:00:00
ES24-406,E,국내,박*호,2024-12-16 14:09:00
ES24-405,F,국내,나*준,2024-12-11 18:02:00
ES24-404,C,해외,노*경,2024-12-11 09:13:00
ES24-402,O,국내,나*준,2024-12-11 15:51:00
ES24-401,G,국내,나*준,2024-12-06 12:21:00
ES24-399,G,해외,나*준,2024-12-06 10:13:00
ES24-398,J,국내,박*호,2024-12-06 09:58:00
ES24-396,K,국내,남*모,2024-12-06 09:23:00
ES24-394,A,국내,남*모,2024-12-06 09:19:00
ES24-393,A,국내,남*모,2024-12-06 09:22:00
ES24-391,K,국내,남*모,2024-12-03 15:55:00
ES24-390,B,국내,남*모,2024-12-03 17:18:00
ES24-389,B,국내,남*모,2024-12-02 16:18:00
ES24-388,I,국내,남*모,2024-12-02 15:58:00
ES24-387,G,국내,나*준,2024-12-02 10:06:00
ES24-386,G,국내,나*준,2024-11-29 08:56:00
ES24-384,G,국내,나*준,2024-12-02 13:41:00
ES24-383,B,해외,남*모,2024-11-29 08:48:00
ES24-382,C,국내,노*경,2024-11-28 10:03:00
ES24-381,E,국내,나*준,2024-11-29 08:55:00
ES24-380,I,국내,남*모,2024-11-29 08:47:00
ES24-379,K,국내,남*모,2024-12-02 17:07:00
ES24-378,C,국내,노*경,2024-11-26 15:43:00
ES24-377,C,국내,노*경,2024-11-26 10:48:00
ES24-376,D,국내,노*경,2024-11-26 10:49:00
ES24-374,D,국내,남*모,2024-11-26 10:18:00
ES24-373,F,국내,노*경,2024-11-21 17:56:00
ES24-372,O,국내,나*준,2024-11-19 16:32:00
ES24-371,B,국내,나*준,2024-11-15 15:53:00
ES24-370,D,국내,나*준,2024-11-15 09:13:00
ES24-369,R,국내,나*준,2024-11-14 15:17:00
ES24-368,G,국내,남*모,2024-11-14 08:48:00
ES24-367,B,국내,김*민,2024-11-13 14:56:00
ES24-366,C,국내,노*경,2024-11-13 13:36:00
ES24-365,F,국내,남*모,2024-11-12 09:13:00
ES24-364,C,국내,노*경,2024-11-11 15:02:00
ES24-363,C,국내,노*경,2024-11-11 09:21:00
ES24-362,F,국내,노*경,2024-11-08 13:37:00
ES24-361,F,국내,김*민,2024-11-07 11:48:00
ES24-360,D,국내,노*경,2024-11-07 09:58:00
ES24-359,R,국내,남*모,2024-11-07 13:53:00
ES24-358,F,국내,나*준,2024-11-06 10:25:00
ES24-357,I,국내,노*경,2024-11-06 10:27:00
ES24-356,K,국내,김*민,2024-11-07 11:47:00
ES24-354,L,국내,나*준,2024-11-06 09:06:00
ES24-353,C,국내,노*경,2024-11-05 09:03:00
ES24-352,I,국내,노*경,2024-11-04 15:32:00
ES24-351,D,국내,김*민,2024-11-01 17:14:00
ES24-350,B,국내,김*민,2024-11-01 13:48:00
ES24-348,F,국내,김*민,2024-10-31 18:43:00
ES24-347,I,국내,노*경,2024-10-31 13:22:00
ES24-346,F,국내,노*경,2024-11-04 15:31:00
ES24-345,L,국내,나*준,2024-10-30 15:23:00
ES24-344,E,국내,노*경,2024-10-29 17:53:00
ES24-343,K,국내,김*민,2024-10-31 15:06:00
ES24-342,E,국내,노*경,2024-10-30 10:48:00
ES24-341,E,국내,박*호,2024-10-25 09:40:00
ES24-340,G,국내,김*민,2024-10-25 17:20:00
ES24-339,K,국내,남*모,2024-10-24 09:08:00
ES24-338,E,국내,박*호,2024-10-24 10:27:00
ES24-337,E,국내,남*모,2024-10-22 12:29:00
ES24-336,K,해외,남*모,2024-10-22 12:28:00
ES24-335,I,국내,노*경,2024-10-29 09:53:00
ES24-334,K,해외,박*호,2024-10-22 11:47:00
ES24-333,K,국내,남*모,2024-10-21 16:15:00
ES24-332,K,국내,남*모,2024-10-22 11:29:00
ES24-331,G,국내,남*모,2024-10-22 11:34:00
ES24-330,D,국내,노*경,2024-10-28 17:02:00
ES24-329,E,국내,노*경,2024-10-17 16:40:00
ES24-328,D,국내,김*민,2024-10-18 08:54:00
ES24-327,D,국내,김*민,2024-10-18 08:53:00
ES24-326,L,국내,김*민,2024-10-17 15:02:00
ES24-325,I,국내,노*경,2024-10-17 17:22:00
ES24-324,E,국내,박*호,2024-10-17 17:20:00
ES24-323,O,국내,노*경,2024-10-16 10:48:00
ES24-322,F,국내,노*경,2024-10-17 09:03:00
ES24-321,E,국내,남*모,2024-10-15 17:51:00
ES24-320,K,국내,남*모,2024-10-22 11:20:00
ES24-319,A,국내,남*모,2024-10-14 14:52:00
ES24-318,O,국내,노*경,2024-10-14 09:04:00
ES24-317,O,국내,노*경,2024-10-14 09:03:00
ES24-316,A,국내,남*모,2024-10-14 14:31:00
ES24-315,D,국내,노*경,2024-10-11 14:21:00
ES24-314,I,국내,노*경,2024-10-14 09:02:00
ES24-313,B,국내,박*호,2024-10-11 10:55:00
ES24-312,E,국내,김*민,2024-11-14 09:19:00
ES24-311,E,국내,노*경,2024-10-10 15:45:00
ES24-310,L,국내,남*모,2024-10-04 15:01:00
ES24-309,K,국내,남*모,2024-10-04 11:09:00
ES24-308,E,국내,남*모,2024-10-02 15:33:00
ES24-307,B,국내,남*모,2024-10-04 15:25:00
ES24-306,K,국내,남*모,2024-10-04 09:28:00
ES24-305,K,국내,남*모,2024-10-04 09:30:00
ES24-304,G,국내,노*경,2024-09-27 11:17:00
ES24-303,I,국내,남*모,2024-09-25 17:01:00
ES24-302,E,국내,노*경,2024-09-25 14:09:00
ES24-301,I,국내,노*경,2024-09-20 11:03:00
ES24-300,C,국내,노*경,2024-09-11 10:05:00
ES24-299,L,국내,김*민,2024-09-10 13:17:00
ES24-298,L,국내,김*민,2024-09-10 13:16:00
ES24-297,A,국내,남*모,2024-09-10 16:10:00
ES24-295,G,국내,남*모,2024-09-10 10:00:00
ES24-294,I,국내,남*모,2024-09-09 09:18:00
ES24-293,I,국내,남*모,2024-09-05 16:33:00
ES24-292,K,국내,남*모,2024-09-05 13:49:00
ES24-291,G,국내,남*모,2024-09-03 10:39:00
ES24-290,C,국내,노*경,2024-09-02 10:28:00
ES24-289,O,국내,남*모,2024-08-29 15:28:00
ES24-288,K,국내,박*호,2024-08-30 09:39:00
ES24-287,E,국내,남*모,2024-08-29 08:43:00
ES24-286,C,국내,노*경,2024-08-27 16:35:00
ES24-285,O,국내,남*모,2024-08-27 11:47:00
ES24-284,I,국내,남*모,2024-08-26 10:26:00
ES24-283,K,국내,남*모,2024-08-26 10:10:00
ES24-282,C,국내,노*경,2024-08-26 13:22:00
ES24-281,A,국내,남*모,2024-08-20 14:12:00
ES24-280,E,국내,노*경,2024-08-19 10:26:00
ES24-279,K,국내,남*모,2024-08-20 14:08:00
ES24-278,K,국내,남*모,2024-08-14 14:05:00
ES24-277,D,국내,남*모,2024-08-14 14:50:00
ES24-276,E,국내,남*모,2024-08-13 15:54:00
ES24-275,L,국내,김*민,2024-08-14 08:47:00
ES24-274,C,국내,노*경,2024-08-12 17:21:00
ES24-273,G,국내,남*모,2024-08-13 15:25:00
ES24-272,E,국내,노*경,2024-08-12 10:24:00
ES24-271,C,국내,노*경,2024-08-09 14:45:00
ES24-270,F,국내,노*경,2024-08-09 14:43:00
ES24-269,J,국내,박*호,2024-08-08 16:54:00
ES24-268,D,국내,노*경,2024-08-08 10:16:00
ES24-266,C,국내,노*경,2024-08-07 13:51:00
ES24-265,K,국내,박*호,2024-08-07 09:24:00
ES24-264,I,국내,박*호,2024-08-06 09:39:00
ES24-263,O,국내,김*민,2024-08-01 14:08:00
ES24-262,K,국내,남*모,2024-07-31 18:02:00
ES24-261,C,국내,노*경,2024-08-01 09:56:00
ES24-260,E,국내,남*모,2024-07-31 14:35:00
ES24-259,J,국내,김*민,2024-07-31 09:38:00
ES24-258,C,국내,박*호,2024-07-31 09:28:00
ES24-257,C,국내,박*호,2024-07-31 09:27:00
ES24-256,K,국내,남*모,2024-07-30 08:45:00
ES24-255,E,국내,박*호,2024-07-29 17:57:00
ES24-254,E,국내,박*호,2024-07-29 17:56:00
ES24-252,I,국내,남*모,2024-07-24 13:48:00
ES24-251,K,국내,김*민,2024-07-25 18:06:00
ES24-250,K,국내,남*모,2024-07-23 16:36:00
ES24-249,C,국내,노*경,2024-07-22 17:37:00
ES24-248,E,국내,노*경,2024-07-19 14:16:00
ES24-247,K,국내,남*모,2024-07-19 13:33:00
ES24-246,K,국내,남*모,2024-07-19 08:44:00
ES24-245,L,국내,김*민,2024-07-17 15:16:00
ES24-244,B,국내,노*경,2024-07-17 10:57:00
ES24-243,A,국내,김*민,2024-07-17 10:45:00
ES24-242,K,국내,남*모,2024-07-16 17:20:00
ES24-241,K,국내,박*호,2024-07-12 14:07:00
ES24-240,K,국내,박*호,2024-07-12 10:01:00
ES24-239,K,국내,남*모,2024-07-11 08:40:00
ES24-238,B,국내,남*모,2024-07-11 08:41:00
ES24-237,D,국내,김*민,2024-07-11 09:58:00
ES24-236,L,국내,김*민,2024-07-11 09:59:00
ES24-235,ETC,국내,남*모,2024-07-10 11:03:00
ES24-234,C,국내,노*경,2024-07-09 13:07:00
ES24-233,K,국내,김*민,2024-07-08 18:10:00
ES24-232,K,국내,남*모,2024-07-05 17:02:00
ES24-231,D,국내,노*경,2024-07-05 13:29:00
ES24-230,A,국내,노*경,2024-07-04 10:26:00
ES24-229,K,국내,김*민,2024-07-03 14:14:00
ES24-228,K,국내,남*모,2024-07-01 17:36:00
ES24-227,E,국내,남*모,2024-07-01 17:16:00
ES24-226,G,국내,김*민,2024-07-02 13:01:00
ES24-225,G,국내,이*호,2024-07-01 13:54:00
ES24-224,E,국내,남*모,2024-07-01 15:58:00
ES24-223,F,국내,남*모,2024-07-01 14:46:00
ES24-222,K,국내,남*모,2024-07-01 14:01:00
ES24-221,C,국내,박*호,2024-06-27 15:26:00
ES24-220,L,국내,김*민,2024-06-27 09:39:00
ES24-218,K,국내,박*호,2024-06-27 10:50:00
ES24-217,K,국내,남*모,2024-06-25 10:07:00
ES24-215,K,국내,남*모,2024-06-24 08:47:00
ES24-214,C,국내,박*호,2024-06-24 10:32:00
ES24-213,K,국내,남*모,2024-06-21 12:25:00
ES24-212,D,국내,김*민,2024-06-20 09:24:00
ES24-211,I,국내,김*민,2024-06-20 10:35:00
ES24-210,C,국내,박*호,2024-06-20 10:28:00
ES24-209,J,국내,박*호,2024-06-18 14:14:00
ES24-208,K,해외,남*모,2024-06-18 13:05:00
ES24-207,I,국내,박*호,2024-06-18 13:24:00
ES24-206,E,국내,박*호,2024-06-17 09:52:00
ES24-205,D,국내,김*민,2024-06-17 11:01:00
ES24-204,D,국내,김*민,2024-06-17 11:38:00
ES24-203,L,국내,김*민,2024-06-14 13:57:00
ES24-202,K,국내,남*모,2024-06-13 16:43:00
ES24-201,F,국내,노*경,2024-06-13 12:17:00
ES24-200,F,국내,노*경,2024-06-13 12:16:00
ES24-199,B,국내,남*모,2024-06-13 10:41:00
ES24-198,D,국내,김*민,2024-06-12 15:51:00
ES24-197,C,국내,노*경,2024-06-11 13:32:00
ES24-196,K,국내,남*모,2024-06-12 08:45:00
ES24-195,D,국내,김*민,2024-06-11 11:50:00
ES24-194,L,국내,김*민,2024-06-10 17:15:00
ES24-193,E,국내,김*민,2024-06-10 10:01:00
ES24-192,J,국내,박*호,2024-06-05 16:35:00
ES24-191,B,국내,남*모,2024-06-10 16:36:00
ES24-190,I,국내,박*호,2024-06-10 11:53:00
ES24-189,E,국내,노*경,2024-06-05 11:12:00
ES24-188,E,국내,박*호,2024-06-05 15:58:00
ES24-187,F,국내,노*경,2024-06-10 09:58:00
ES24-186,H,국내,남*모,2024-06-10 16:34:00
ES24-185,E,국내,노*경,2024-05-30 17:53:00
ES24-184,E,국내,노*경,2024-05-30 16:10:00
ES24-183,D,국내,남*모,2024-05-31 08:41:00
ES24-182,K,국내,남*모,2024-05-29 17:33:00
ES24-181,K,국내,남*모,2024-05-29 17:34:00
ES24-180,K,국내,남*모,2024-05-29 11:25:00
ES24-179,K,국내,김*민,2024-05-29 13:24:00
ES24-178,K,국내,김*민,2024-05-28 18:41:00
ES24-177,F,국내,남*모,2024-05-29 09:33:00
ES24-176,F,국내,김*민,2024-05-28 09:01:00
ES24-175,K,국내,김*민,2024-05-22 14:53:00
ES24-174,A,국내,남*모,2024-05-22 11:16:00
ES24-173,E,국내,노*경,2024-05-22 09:26:00
ES24-172,O,국내,김*민,2024-05-22 13:37:00
ES24-171,E,국내,김*민,2024-05-21 09:25:00
ES24-170,K,국내,박*호,2024-05-17 10:29:00
ES24-169,D,국내,김*민,2024-05-16 09:46:00
ES24-168,D,국내,김*민,2024-05-16 10:19:00
ES24-167,E,국내,노*경,2024-05-14 16:14:00
ES24-166,E,국내,박*호,2024-05-16 13:08:00
ES24-165,K,국내,김*민,2024-05-16 18:01:00
ES24-164,F,국내,노*경,2024-05-16 09:42:00
ES24-163,E,국내,박*호,2024-05-14 09:17:00
ES24-162,E,국내,노*경,2024-05-14 09:10:00
ES24-161,B,국내,김*민,2024-05-16 17:43:00
ES24-160,E,국내,남*모,2024-05-13 08:39:00
ES24-159,I,국내,남*모,2024-05-13 08:37:00
ES24-158,D,국내,남*모,2024-05-09 16:18:00
ES24-157,K,국내,남*모,2024-05-09 16:16:00
ES24-156,B,국내,김*민,2024-05-10 08:39:00
ES24-155,G,국내,남*모,2024-05-10 09:24:00
ES24-154,K,국내,남*모,2024-05-08 15:00:00
ES24-153,K,국내,김*민,2024-05-10 18:01:00
ES24-152,L,국내,김*민,2024-05-03 13:09:00
ES24-151,K,국내,김*민,2024-05-03 14:16:00
ES24-150,C,국내,노*경,2024-05-03 08:51:00
ES24-149,K,국내,남*모,2024-05-02 17:51:00
ES24-148,C,국내,노*경,2024-05-02 18:00:00
ES24-147,K,국내,남*모,2024-05-02 15:50:00
ES24-146,D,국내,김*민,2024-05-02 09:10:00
ES24-145,E,국내,남*모,2024-04-30 13:08:00
ES24-144,E,해외,남*모,2024-04-29 11:47:00
ES24-143,D,국내,김*민,2024-04-24 09:14:00
ES24-142,J,국내,노*경,2024-04-24 09:03:00
ES24-141,F,국내,노*경,2024-04-23 15:33:00
ES24-140,C,국내,노*경,2024-04-23 14:28:00
ES24-139,D,국내,김*민,2024-04-24 09:13:00
ES24-138,C,국내,노*경,2024-04-19 10:33:00
ES24-136,C,국내,노*경,2024-04-17 17:48:00
ES24-135,C,국내,노*경,2024-04-16 16:34:00
ES24-134,K,국내,남*모,2024-04-16 17:42:00
ES24-133,E,국내,남*모,2024-04-16 14:12:00
ES24-132,C,국내,노*경,2024-04-16 12:02:00
ES24-131,L,국내,김*민,2024-04-15 12:28:00
ES24-130,K,국내,김*민,2024-04-15 11:59:00
ES24-129,L,국내,김*민,2024-04-12 13:22:00
ES24-128,K,국내,김*민,2024-04-09 19:22:00
ES24-127,K,국내,남*모,2024-04-09 10:32:00
ES24-126,C,국내,노*경,2024-04-08 13:39:00
ES24-125,C,국내,노*경,2024-04-08 11:50:00
ES24-124,F,국내,노*경,2024-04-08 11:51:00
ES24-123,A,국내,남*모,2024-04-08 15:08:00
ES24-122,F,국내,노*경,2024-04-09 13:07:00
ES24-121,G,국내,남*모,2024-04-04 14:27:00
ES24-120,F,국내,노*경,2024-04-03 17:39:00
ES24-119,K,국내,박*호,2024-04-03 16:22:00
ES24-118,G,국내,남*모,2024-04-04 08:42:00
ES24-117,K,국내,남*모,2024-04-08 17:58:00
ES24-116,K,국내,남*모,2024-04-08 17:47:00
ES24-115,F,국내,노*경,2024-04-03 16:37:00
ES24-114,K,해외,남*모,2024-04-04 17:59:00
ES24-113,C,국내,노*경,2024-03-28 16:13:00
ES24-112,L,국내,유*훈,2024-03-28 09:43:00
ES24-111,I,국내,노*경,2024-03-27 16:40:00
ES24-110,K,국내,유*훈,2024-03-27 13:32:00
ES24-109,L,국내,유*훈,2024-03-26 17:54:00
ES24-108,F,국내,박*호,2024-04-03 16:04:00
ES24-106,K,국내,유*훈,2024-03-26 09:28:00
ES24-105,E,국내,유*훈,2024-03-21 12:23:00
ES24-104,E,국내,남*모,2024-03-20 09:47:00
ES24-103,O,국내,남*모,2024-03-20 10:57:00
ES24-102,K,국내,유*훈,2024-03-19 09:28:00
ES24-101,C,국내,노*경,2024-03-18 17:09:00
ES24-100,C,해외,노*경,2024-03-19 17:29:00
ES24-098,J,국내,박*호,2024-03-18 11:53:00
ES24-097,C,국내,노*경,2024-03-15 16:01:00
ES24-096,B,국내,남*모,2024-03-15 12:19:00
ES24-095,K,국내,박*호,2024-03-15 15:33:00
ES24-094,K,국내,김*민,2024-03-15 13:41:00
ES24-093,K,국내,유*훈,2024-03-15 12:11:00
ES24-092,J,국내,유*훈,2024-03-14 17:50:00
ES24-091,I,국내,남*모,2024-03-13 16:05:00
ES24-090,D,국내,김*민,2024-03-13 16:06:00
ES24-089,C,국내,노*경,2024-03-12 16:35:00
ES24-088,E,국내,노*경,2024-03-12 11:02:00
ES24-087,K,국내,김*민,2024-03-13 18:00:00
ES24-086,B,국내,김*민,2024-03-22 10:31:00
ES24-085,J,국내,노*경,2024-03-19 15:57:00
ES24-084,J,국내,박*호,2024-03-14 14:59:00
ES24-083,L,국내,유*훈,2024-03-11 16:16:00
ES24-082,K,국내,김*민,2024-03-07 12:35:00
ES24-081,D,해외,김*민,2024-03-07 12:36:00
ES24-080,C,해외,노*경,2024-03-06 17:33:00
ES24-079,F,국내,김*민,2024-03-07 16:58:00
ES24-078,D,국내,김*민,2024-03-07 11:12:00
ES24-077,C,국내,노*경,2024-03-04 15:21:00
ES24-076,C,국내,노*경,2024-03-04 09:16:00
ES24-075,C,국내,노*경,2024-02-28 17:13:00
ES24-074,A,국내,김*민,2024-02-29 18:22:00
ES24-073,D,해외,유*훈,2024-02-27 17:52:00
ES24-072,L,국내,유*훈,2024-02-26 14:05:00
ES24-071,K,국내,유*훈,2024-02-26 17:26:00
ES24-070,L,국내,유*훈,2024-02-26 11:45:00
ES24-069,B,국내,김*민,2024-02-29 18:18:00
ES24-068,C,국내,노*경,2024-02-22 17:54:00
ES24-067,F,국내,황*원,2024-02-23 08:53:00
ES24-066,I,국내,노*경,2024-02-22 15:30:00
ES24-065,E,국내,노*경,2024-02-21 14:08:00
ES24-063,E,국내,노*경,2024-02-21 10:42:00
ES24-062,B,국내,김*민,2024-02-21 11:53:00
ES24-061,E,국내,황*원,2024-02-21 11:52:00
ES24-060,K,국내,유*훈,2024-02-19 09:21:00
ES24-059,K,국내,김*민,2024-02-19 16:26:00
ES24-058,K,국내,유*훈,2024-02-16 11:56:00
ES24-057,C,국내,노*경,2024-02-15 15:32:00
ES24-056,K,국내,유*훈,2024-02-15 14:57:00
ES24-055,K,국내,유*훈,2024-02-15 14:56:00
ES24-054,K,국내,유*훈,2024-02-15 10:38:00
ES24-053,K,국내,유*훈,2024-02-14 16:49:00
ES24-052,L,국내,유*훈,2024-02-13 16:44:00
ES24-051,E,국내,유*훈,2024-02-13 10:00:00
ES24-050,I,국내,노*경,2024-02-07 17:05:00
ES24-049,D,해외,김*민,2024-02-07 15:58:00
ES24-048,D,국내,김*민,2024-02-06 17:44:00
ES24-047,K,국내,황*원,2024-02-06 11:39:00
ES24-046,B,국내,유*훈,2024-02-13 09:32:00
ES24-045,C,국내,노*경,2024-02-05 11:08:00
ES24-044,B,국내,김*민,2024-02-06 10:15:00
ES24-043,K,국내,유*훈,2024-02-07 16:55:00
ES24-042,D,국내,유*훈,2024-02-02 13:20:00
ES24-041,L,국내,유*훈,2024-02-02 09:30:00
ES24-040,K,국내,김*민,2024-01-31 16:06:00
ES24-039,I,국내,노*경,2024-01-31 14:10:00
ES24-038,K,국내,김*민,2024-02-01 09:50:00
ES24-037,E,국내,김*민,2024-01-30 10:29:00
ES24-036,C,국내,노*경,2024-01-29 11:08:00
ES24-035,I,국내,노*경,2024-01-30 10:56:00
ES24-034,O,국내,유*훈,2024-01-26 15:51:00
ES24-033,L,국내,유*훈,2024-01-26 11:51:00
ES24-031,I,국내,노*경,2024-01-26 16:02:00
ES24-030,C,국내,노*경,2024-01-26 13:33:00
ES24-029,J,국내,박*호,2024-01-25 14:18:00
ES24-028,E,국내,노*경,2024-01-25 10:24:00
ES24-027,E,국내,노*경,2024-01-25 09:49:00
ES24-026,K,해외,황*원,2024-01-25 10:21:00
ES24-025,K,국내,유*훈,2024-01-24 09:52:00
ES24-024,J,국내,유*훈,2024-01-24 09:51:00
ES24-023,C,국내,노*경,2024-01-22 16:57:00
ES24-022,E,해외,황*원,2024-01-22 15:34:00
ES24-021,K,국내,황*원,2024-01-22 10:19:00
ES24-020,C,국내,노*경,2024-01-19 09:44:00
ES24-019,I,국내,노*경,2024-01-19 09:37:00
ES24-018,L,국내,유*훈,2024-01-18 09:22:00
ES24-017,L,국내,유*훈,2024-01-18 09:23:00
ES24-016,D,국내,김*민,2024-01-18 10:45:00
ES24-015,E,해외,황*원,2024-01-18 11:18:00
ES24-014,C,국내,노*경,2024-01-17 13:50:00
ES24-013,K,국내,김*민,2024-01-18 10:46:00
ES24-012,E,국내,노*경,2024-01-16 09:02:00
ES24-011,I,국내,김*민,2024-01-15 17:03:00
ES24-010,F,국내,황*원,2024-01-12 15:37:00
ES24-009,C,국내,노*경,2024-01-12 14:38:00
ES24-008,ETC,국내,황*원,2024-01-15 11:48:00
ES24-007,G,국내,유*훈,2024-01-15 14:21:00
ES24-006,I,국내,김*민,2024-01-11 09:49:00
ES24-005,C,해외,노*경,2024-01-10 16:53:00
ES24-004,E,국내,노*경,2024-01-08 09:17:00
ES24-003,E,국내,노*경,2024-01-04 10:30:00
ES24-002,D,국내,김*민,2024-01-04 11:32:00
ES24-001,C,국내,노*경,2024-01-03 11:49:00
ES23-430,C,국내,유*훈,2023-12-27 17:29:00
ES23-429,B,국내,이*호,2023-12-28 10:05:00
ES23-428,K,국내,유*훈,2023-12-27 11:30:00
ES23-427,K,국내,이*호,2023-12-27 11:12:00
ES23-426,G,국내,노*경,2023-12-26 14:16:00
ES23-425,C,국내,노*경,2023-12-26 09:06:00
ES23-423,K,국내,황*원,2023-12-22 08:47:00
ES23-422,ETC,국내,황*원,2023-12-21 14:12:00
ES23-421,L,국내,유*훈,2023-12-20 18:01:00
ES23-420,A,국내,김*민,2023-12-21 11:57:00
ES23-419,C,해외,노*경,2023-12-20 09:10:00
ES23-418,C,국내,노*경,2023-12-14 14:50:00
ES23-417,O,국내,유*훈,2023-12-14 14:38:00
ES23-416,F,국내,황*원,2023-12-14 15:04:00
ES23-415,C,해외,노*경,2023-12-14 10:26:00
ES23-414,C,해외,노*경,2023-12-12 11:40:00
ES23-413,E,국내,노*경,2023-12-11 13:24:00
ES23-412,E,해외,노*경,2023-12-11 09:49:00
ES23-411,K,국내,황*원,2023-12-07 15:26:00
ES23-410,B,해외,김*민,2023-12-07 15:05:00
ES23-408,C,국내,노*경,2023-12-07 10:12:00
ES23-407,ETC,국내,이*호,2023-12-06 13:34:00
ES23-406,L,국내,유*훈,2023-12-05 19:17:00
ES23-405,I,국내,김*민,2023-12-07 15:01:00
ES23-404,E,국내,황*원,2023-12-06 15:57:00
ES23-402,E,국내,유*훈,2023-12-04 17:01:00
ES23-401,E,국내,유*훈,2023-12-04 17:00:00
ES23-400,C,국내,유*훈,2023-12-05 19:36:00
ES23-399,E,국내,유*훈,2023-12-04 09:49:00
ES23-398,K,국내,황*원,2023-11-30 15:55:00
ES23-397,L,국내,유*훈,2023-12-01 10:11:00
ES23-396,E,국내,노*경,2023-12-01 10:13:00
ES23-395,B,국내,김*민,2023-12-01 10:01:00
ES23-394,C,국내,유*훈,2023-11-29 10:21:00
ES23-393,I,국내,황*원,2023-11-28 14:16:00
ES23-392,E,해외,황*원,2023-11-29 10:32:00
ES23-390,E,국내,노*경,2023-11-29 11:13:00
ES23-389,E,국내,노*경,2023-11-28 09:23:00
ES23-388,E,해외,황*원,2023-11-24 14:05:00
ES23-387,B,국내,유*훈,2023-11-24 11:37:00
ES23-386,E,국내,황*원,2023-11-24 10:25:00
ES23-384,C,국내,노*경,2023-11-24 09:12:00
ES23-383,C,국내,노*경,2023-11-21 17:22:00
ES23-382,E,국내,유*훈,2023-11-21 13:23:00
ES23-381,E,해외,노*경,2023-11-21 13:24:00
ES23-379,E,국내,김*민,2023-11-21 16:36:00
ES23-378,F,국내,유*훈,2023-11-17 16:23:00
ES23-377,K,국내,황*원,2023-11-17 16:26:00
ES23-375,I,국내,노*경,2023-11-16 15:37:00
ES23-374,C,국내,노*경,2023-11-17 11:43:00
ES23-373,J,국내,박*호,2023-11-17 08:45:00
ES23-372,C,국내,유*훈,2023-11-13 14:26:00
ES23-371,O,국내,유*훈,2023-11-09 09:38:00
ES23-370,B,국내,황*원,2023-11-08 14:45:00
ES23-369,B,국내,김*민,2023-11-08 18:22:00
ES23-368,B,국내,노*경,2023-11-08 11:43:00
ES23-367,G,국내,노*경,2023-11-09 12:12:00
ES23-366,A,국내,노*경,2023-11-09 12:11:00
ES23-365,C,국내,노*경,2023-11-06 17:20:00
ES23-364,F,국내,노*경,2023-11-06 09:30:00
ES23-363,L,국내,유*훈,2023-11-03 09:34:00
ES23-362,K,국내,유*훈,2023-11-01 14:54:00
ES23-361,K,국내,유*훈,2023-11-01 14:53:00
ES23-360,K,국내,황*원,2023-11-01 11:01:00
ES23-359,E,국내,황*원,2023-11-01 10:15:00
ES23-358,L,국내,유*훈,2023-10-30 10:48:00
ES23-357,L,국내,유*훈,2023-10-27 16:14:00
ES23-356,B,국내,김*민,2023-10-30 14:51:00
ES23-355,K,국내,유*훈,2023-10-30 09:37:00
ES23-354,K,국내,유*훈,2023-10-26 11:53:00
ES23-353,F,국내,황*원,2023-10-26 08:43:00
ES23-352,C,국내,유*훈,2023-10-25 15:14:00
ES23-351,C,국내,유*훈,2023-10-24 14:28:00
ES23-350,R,국내,김*민,2023-10-20 10:07:00
ES23-349,K,해외,유*훈,2023-10-20 08:57:00
ES23-348,F,국내,황*원,2023-10-20 10:46:00
ES23-347,K,국내,유*훈,2023-10-19 09:31:00
ES23-346,K,국내,유*훈,2023-10-18 17:08:00
ES23-345,K,국내,유*훈,2023-10-18 14:20:00
ES23-344,C,국내,유*훈,2023-10-18 14:18:00
ES23-343,K,국내,유*훈,2023-10-17 18:12:00
ES23-342,C,국내,황*원,2023-10-18 13:44:00
ES23-340,ETC,국내,황*원,2023-10-17 16:05:00
ES23-339,K,국내,유*훈,2023-10-17 13:55:00
ES23-337,K,국내,황*원,2023-10-16 13:59:00
ES23-335,F,국내,노*경,2023-10-13 14:43:00
ES23-334,C,국내,황*원,2023-10-12 16:20:00
ES23-333,O,국내,황*효,2023-10-13 12:25:00
ES23-332,E,국내,이*호,2023-10-13 11:56:00
ES23-331,K,국내,이*호,2023-10-13 11:11:00
ES23-330,L,국내,이*호,2023-10-13 11:06:00
ES23-329,G,국내,이*호,2023-10-13 10:58:00
ES23-328,J,국내,황*원,2023-10-12 15:25:00
ES23-327,K,해외,이*호,2023-10-12 16:48:00
ES23-326,C,국내,황*원,2023-10-11 14:14:00
ES23-325,F,국내,노*경,2023-10-10 15:43:00
ES23-324,E,국내,노*경,2023-10-10 13:14:00
ES23-323,C,해외,황*원,2023-10-11 09:57:00
ES23-322,K,국내,황*원,2023-10-06 13:46:00
ES23-321,J,국내,이*호,2023-10-10 13:51:00
ES23-320,E,국내,황*원,2023-10-06 09:20:00
ES23-319,D,국내,노*경,2023-10-06 09:35:00
ES23-317,K,국내,유*훈,2023-10-04 18:11:00
ES23-316,C,국내,유*훈,2023-10-04 16:54:00
ES23-315,L,국내,이*호,2023-09-21 09:24:00
ES23-314,C,국내,유*훈,2023-09-19 18:06:00
ES23-313,D,국내,노*경,2023-09-18 14:30:00
ES23-312,A,국내,김*민,2023-09-18 12:13:00
ES23-311,F,국내,유*훈,2023-09-18 10:16:00
ES23-310,K,국내,유*훈,2023-09-18 10:23:00
ES23-309,J,국내,유*훈,2023-09-14 17:39:00
ES23-308,F,국내,노*경,2023-09-14 16:52:00
ES23-307,D,국내,유*훈,2023-09-14 13:41:00
ES23-306,F,국내,노*경,2023-09-14 09:54:00
ES23-305,I,국내,노*경,2023-09-12 13:57:00
ES23-303,C,국내,황*원,2023-09-11 17:15:00
ES23-302,K,국내,이*호,2023-09-11 17:31:00
ES23-301,C,국내,유*훈,2023-09-11 12:58:00
ES23-300,I,국내,노*경,2023-09-11 15:38:00
ES23-299,F,국내,노*경,2023-09-08 16:07:00
ES23-298,K,국내,유*훈,2023-09-11 09:31:00
ES23-297,E,국내,노*경,2023-09-06 17:33:00
ES23-296,E,국내,노*경,2023-09-05 15:01:00
ES23-295,I,국내,황*원,2023-09-05 15:34:00
ES23-294,D,국내,황*원,2023-09-06 14:22:00
ES23-293,B,국내,노*경,2023-09-04 13:39:00
ES23-292,F,국내,노*경,2023-09-04 13:35:00
ES23-291,D,국내,박*호,2023-09-01 13:51:00
ES23-290,C,국내,황*원,2023-09-01 10:11:00
ES23-289,E,국내,박*호,2023-09-01 08:39:00
ES23-288,I,국내,노*경,2023-08-31 11:40:00
ES23-287,E,국내,노*경,2023-08-30 15:40:00
ES23-286,C,국내,황*원,2023-08-29 15:00:00
ES23-285,B,국내,노*경,2023-08-28 13:32:00
ES23-284,C,국내,박*호,2023-08-22 16:55:00
ES23-283,I,국내,김*민,2023-08-22 17:42:00
ES23-282,E,국내,노*경,2023-08-22 09:40:00
ES23-281,E,국내,김*민,2023-08-22 15:43:00
ES23-280,K,국내,유*훈,2023-08-21 09:49:00
ES23-279,E,국내,박*호,2023-08-21 09:02:00
ES23-278,F,국내,황*원,2023-08-21 09:20:00
ES23-277,L,국내,유*훈,2023-08-18 17:10:00
ES23-276,K,해외,유*훈,2023-08-18 17:48:00
ES23-275,C,국내,유*훈,2023-08-18 11:15:00
ES23-274,E,국내,노*경,2023-08-17 17:06:00
ES23-273,D,국내,김*민,2023-08-18 13:00:00
ES23-272,L,국내,유*훈,2023-08-22 13:59:00
ES23-271,B,국내,유*훈,2023-08-17 16:55:00
ES23-270,G,국내,노*경,2023-08-16 16:20:00
ES23-269,C,국내,유*훈,2023-08-11 09:26:00
ES23-268,K,국내,유*훈,2023-08-10 11:58:00
ES23-266,K,국내,김*민,2023-08-10 13:05:00
ES23-265,K,국내,김*민,2023-08-10 13:02:00
ES23-264,I,국내,김*민,2023-08-10 13:01:00
ES23-263,K,국내,황*원,2023-08-08 10:16:00
ES23-262,K,국내,황*원,2023-08-07 16:36:00
ES23-261,K,해외,황*원,2023-08-04 16:01:00
ES23-260,F,국내,황*원,2023-08-03 17:40:00
ES23-259,K,국내,황*원,2023-08-03 14:02:00
ES23-258,K,국내,황*원,2023-08-03 11:01:00
ES23-257,ETC,국내,황*원,2023-08-03 09:29:00
ES23-256,C,국내,유*훈,2023-08-03 13:01:00
ES23-254,K,국내,황*원,2023-08-01 15:51:00
ES23-253,L,국내,유*훈,2023-08-01 16:38:00
ES23-252,A,국내,황*원,2023-07-31 13:55:00
ES23-251,F,국내,황*원,2023-07-28 09:12:00
ES23-250,L,국내,유*훈,2023-07-26 09:24:00
ES23-249,C,국내,황*원,2023-07-24 15:00:00
ES23-248,C,국내,박*호,2023-07-24 16:18:00
ES23-247,E,국내,이*훈,2023-07-24 09:12:00
ES23-246,K,해외,황*원,2023-07-20 15:34:00
ES23-245,K,해외,황*원,2023-07-20 16:33:00
ES23-244,A,국내,유*훈,2023-07-20 15:33:00
ES23-243,K,국내,황*원,2023-07-20 11:32:00
ES23-242,K,국내,황*원,2023-07-19 15:49:00
ES23-241,L,국내,유*훈,2023-07-19 08:49:00
ES23-240,L,국내,유*훈,2023-07-18 16:18:00
ES23-239,O,국내,김*민,2023-07-18 17:24:00
ES23-238,K,국내,황*원,2023-07-18 10:32:00
ES23-237,J,국내,이*호,2023-07-17 17:28:00
ES23-236,J,국내,이*호,2023-07-17 16:19:00
ES23-235,E,국내,황*원,2023-07-17 15:13:00
ES23-233,K,국내,황*원,2023-07-17 10:07:00
ES23-232,K,국내,황*원,2023-07-13 17:56:00
ES23-231,E,국내,황*원,2023-07-13 13:35:00
ES23-230,F,국내,유*훈,2023-07-13 17:09:00
ES23-229,A,국내,김*민,2023-07-12 09:53:00
ES23-228,H,국내,김*민,2023-07-10 15:30:00
ES23-227,A,국내,황*원,2023-07-10 11:59:00
ES23-226,A,국내,황*원,2023-07-10 13:28:00
ES23-225,K,국내,황*원,2023-07-10 09:51:00
ES23-224,I,국내,황*원,2023-07-06 14:16:00
ES23-223,I,국내,황*원,2023-07-05 09:29:00
ES23-222,E,국내,이*훈,2023-07-04 17:46:00
ES23-221,I,국내,김*민,2023-07-04 16:40:00
ES23-220,F,국내,황*원,2023-07-04 15:32:00
ES23-219,L,국내,유*훈,2023-07-04 12:28:00
ES23-218,C,국내,유*훈,2023-07-03 14:34:00
ES23-216,C,해외,유*훈,2023-07-03 12:28:00
ES23-215,D,국내,이*훈,2023-07-03 12:22:00
ES23-214,I,국내,이*훈,2023-07-03 12:30:00
ES23-213,ETC,국내,황*원,2023-07-03 12:26:00
ES23-212,E,국내,황*원,2023-06-29 09:11:00
ES23-211,C,국내,유*훈,2023-06-28 18:18:00
ES23-210,K,국내,황*원,2023-06-28 15:36:00
ES23-209,A,국내,김*민,2023-06-28 16:35:00
ES23-208,K,국내,유*훈,2023-06-28 16:11:00
ES23-207,H,국내,황*원,2023-06-27 17:57:00
ES23-206,E,국내,황*원,2023-06-27 09:09:00
ES23-205,C,국내,황*원,2023-06-27 09:08:00
ES23-204,I,국내,황*원,2023-06-23 16:32:00
ES23-203,E,국내,황*원,2023-06-23 10:53:00
ES23-202,A,국내,김*민,2023-06-23 11:26:00
ES23-201,B,국내,김*민,2023-06-22 17:59:00
ES23-200,C,국내,유*훈,2023-06-22 11:54:00
ES23-199,F,국내,유*훈,2023-06-22 10:24:00
ES23-197,K,국내,유*훈,2023-06-22 11:57:00
ES23-196,B,국내,황*원,2023-06-22 09:55:00
ES23-195,H,국내,이*훈,2023-06-22 15:30:00
ES23-194,G,국내,황*원,2023-06-22 10:04:00
ES23-193,L,국내,이*훈,2023-06-20 12:48:00
ES23-192,K,국내,이*훈,2023-06-20 10:19:00
ES23-191,E,국내,김*민,2023-06-20 10:18:00
ES23-190,E,국내,황*원,2023-06-15 15:33:00
ES23-189,I,국내,황*원,2023-06-14 15:57:00
ES23-188,F,국내,황*원,2023-06-14 11:50:00
ES23-187,C,국내,박*호,2023-06-14 09:55:00
ES23-186,K,국내,황*원,2023-06-12 15:19:00
ES23-185,A,국내,이*훈,2023-06-12 14:30:00
ES23-184,F,국내,황*원,2023-06-09 12:08:00
ES23-183,E,국내,황*원,2023-06-08 17:19:00
ES23-182,K,국내,황*원,2023-06-07 14:03:00
ES23-181,ETC,국내,이*훈,2023-06-05 10:44:00
ES23-180,E,국내,황*원,2023-06-01 18:00:00
ES23-179,E,국내,황*원,2023-06-01 10:24:00
ES23-177,E,국내,이*훈,2023-05-31 10:21:00
ES23-176,K,국내,유*훈,2023-05-30 17:50:00
ES23-175,C,국내,유*훈,2023-05-30 17:53:00
ES23-174,F,국내,황*원,2023-05-30 14:35:00
ES23-173,L,국내,이*훈,2023-05-23 18:09:00
ES23-172,E,국내,이*훈,2023-05-23 14:31:00
ES23-171,J,국내,박*호,2023-05-22 11:19:00
ES23-170,E,국내,박*호,2023-05-22 11:18:00
ES23-169,A,국내,황*원,2023-05-23 09:19:00
ES23-168,K,국내,황*원,2023-05-18 11:06:00
ES23-167,K,국내,김*민,2023-05-17 17:51:00
ES23-166,E,국내,유*훈,2023-05-17 10:56:00
ES23-165,E,국내,이*훈,2023-05-16 16:17:00
ES23-164,A,국내,김*민,2023-05-17 10:51:00
ES23-163,K,국내,김*민,2023-05-16 08:47:00
ES23-162,E,국내,이*훈,2023-05-15 16:36:00
ES23-161,O,국내,이*훈,2023-05-15 16:31:00
ES23-160,ETC,국내,박*호,2023-05-16 09:10:00
ES23-159,L,국내,이*훈,2023-05-12 12:29:00
ES23-158,F,국내,김*민,2023-05-11 09:19:00
ES23-157,F,해외,김*민,2023-05-11 10:00:00
ES23-156,E,해외,김*민,2023-05-11 09:18:00
ES23-155,K,국내,이*훈,2023-05-10 17:09:00
ES23-154,J,국내,김*민,2023-05-10 10:32:00
ES23-153,A,국내,김*민,2023-05-10 10:34:00
ES23-150,L,국내,유*훈,2023-05-08 14:44:00
ES23-149,L,국내,유*훈,2023-05-08 13:50:00
ES23-148,E,국내,유*훈,2023-05-08 13:49:00
ES23-147,K,국내,유*훈,2023-05-04 14:59:00
ES23-146,C,국내,유*훈,2023-05-04 09:24:00
ES23-145,D,국내,유*훈,2023-05-03 09:54:00
ES23-144,E,국내,유*훈,2023-05-02 12:03:00
ES23-143,I,국내,김*민,2023-05-02 11:24:00
ES23-142,K,국내,김*민,2023-04-27 14:31:00
ES23-141,K,국내,유*훈,2023-04-27 09:43:00
ES23-140,B,국내,김*민,2023-04-26 15:11:00
ES23-139,K,국내,김*민,2023-04-25 11:11:00
ES23-138,E,국내,김*민,2023-04-24 12:12:00
ES23-137,L,국내,유*훈,2023-04-20 11:07:00
ES23-136,K,국내,김*민,2023-04-18 15:22:00
ES23-135,L,국내,유*훈,2023-04-18 15:26:00
ES23-134,K,국내,김*민,2023-04-18 08:57:00
ES23-133,S,국내,황*효,2023-04-18 14:42:00
ES23-132,K,국내,김*민,2023-04-14 15:37:00
ES23-131,L,국내,유*훈,2023-04-14 13:44:00
ES23-130,E,국내,이*훈,2023-04-13 11:43:00
ES23-129,C,국내,유*훈,2023-04-12 15:57:00
ES23-127,K,국내,이*훈,2023-04-10 16:33:00
ES23-126,C,국내,유*훈,2023-04-07 16:31:00
ES23-125,L,국내,이*훈,2023-04-06 13:39:00
ES23-124,F,국내,김*민,2023-04-06 13:37:00
ES23-123,F,국내,이*훈,2023-04-05 14:11:00
ES23-122,E,국내,이*훈,2023-04-05 14:03:00
ES23-121,E,국내,김*민,2023-04-05 11:16:00
ES23-119,C,국내,유*훈,2023-04-04 11:50:00
ES23-117,D,국내,유*훈,2023-04-03 11:59:00
ES23-116,D,국내,김*민,2023-04-03 10:10:00
ES23-115,L,국내,유*훈,2023-03-30 13:37:00
ES23-114,C,국내,유*훈,2023-03-30 10:48:00
ES23-112,K,국내,이*훈,2023-03-29 09:19:00
ES23-111,C,국내,유*훈,2023-03-29 09:25:00
ES23-110,K,국내,이*훈,2023-03-28 13:42:00
ES23-109,E,국내,이*훈,2023-03-28 10:00:00
ES23-107,C,국내,유*훈,2023-03-28 09:53:00
ES23-106,C,국내,유*훈,2023-03-24 17:26:00
ES23-105,C,국내,유*훈,2023-03-24 14:02:00
ES23-104,A,국내,이*훈,2023-03-24 13:51:00
ES23-103,L,국내,유*훈,2023-03-24 14:03:00
ES23-102,E,국내,김*민,2023-03-22 11:14:00
ES23-101,C,국내,유*훈,2023-03-21 18:09:00
ES23-100,E,국내,유*훈,2023-03-22 14:34:00
ES23-099,E,국내,유*훈,2023-03-21 09:29:00
ES23-098,K,국내,김*민,2023-03-21 08:47:00
ES23-097,F,국내,유*훈,2023-03-21 09:30:00
ES23-096,L,국내,유*훈,2023-03-20 09:26:00
ES23-094,B,국내,김*민,2023-03-20 12:17:00
ES23-092,K,국내,유*훈,2023-03-20 09:27:00
ES23-090,K,국내,김*민,2023-03-17 09:09:00
ES23-089,D,국내,유*훈,2023-03-17 09:22:00
ES23-088,K,국내,김*민,2023-03-17 09:07:00
ES23-087,K,국내,김*민,2023-03-16 10:51:00
ES23-086,L,국내,이*훈,2023-03-16 11:01:00
ES23-085,E,국내,유*훈,2023-03-16 11:21:00
ES23-084,E,국내,김*민,2023-03-16 10:49:00
ES23-083,K,국내,유*훈,2023-03-14 09:26:00
ES23-082,K,국내,김*민,2023-03-09 17:40:00
ES23-081,D,국내,이*훈,2023-03-09 18:34:00
ES23-080,G,국내,유*훈,2023-03-09 11:15:00
ES23-079,K,국내,유*훈,2023-03-08 10:50:00
ES23-078,C,국내,유*훈,2023-03-07 17:15:00
ES23-077,B,국내,김*민,2023-03-07 18:12:00
ES23-076,H,국내,이*훈,2023-03-07 16:26:00
ES23-075,E,국내,이*훈,2023-03-07 16:34:00
ES23-074,E,국내,이*훈,2023-03-07 16:35:00
ES23-073,G,국내,이*훈,2023-03-07 16:18:00
ES23-072,E,국내,이*훈,2023-03-07 16:09:00
ES23-071,E,국내,김*민,2023-03-07 17:56:00
ES23-070,E,국내,이*훈,2023-03-08 11:19:00
ES23-069,F,국내,유*훈,2023-03-07 09:40:00
ES23-068,D,국내,유*훈,2023-03-07 09:39:00
ES23-067,L,국내,이*훈,2023-03-03 15:24:00
ES23-066,B,국내,김*민,2023-03-03 16:29:00
ES23-065,B,국내,김*민,2023-03-03 16:28:00
ES23-064,C,국내,유*훈,2023-03-03 11:33:00
ES23-063,G,국내,이*호,2023-03-03 11:59:00
ES23-060,B,국내,김*민,2023-03-03 16:27:00
ES23-059,S,국내,황*효,2023-03-03 13:59:00
ES23-058,B,국내,김*민,2023-02-28 14:26:00
ES23-057,G,국내,박*호,2023-02-24 10:31:00
ES23-056,C,국내,유*훈,2023-02-23 09:39:00
ES23-055,K,국내,유*훈,2023-02-23 09:42:00
ES23-054,F,국내,유*훈,2023-02-23 09:43:00
ES23-053,C,국내,유*훈,2023-02-21 16:57:00
ES23-052,E,국내,유*훈,2023-02-21 10:53:00
ES23-051,J,국내,박*호,2023-02-20 13:37:00
ES23-050,C,국내,유*훈,2023-02-20 09:25:00
ES23-048,A,국내,김*민,2023-02-13 16:30:00
ES23-047,S,국내,황*효,2023-02-13 15:59:00
ES23-046,K,국내,유*훈,2023-02-13 09:36:00
ES23-045,L,국내,유*훈,2023-02-10 16:54:00
ES23-044,D,국내,이*훈,2023-02-10 09:15:00
ES23-043,L,국내,이*훈,2023-02-10 09:43:00
ES23-042,D,국내,이*훈,2023-02-09 10:26:00
ES23-041,K,국내,유*훈,2023-02-08 09:28:00
ES23-040,C,국내,유*훈,2023-02-08 09:26:00
ES23-039,F,국내,이*훈,2023-02-06 11:35:00
ES23-038,G,국내,이*훈,2023-02-06 11:37:00
ES23-037,E,국내,이*호,2023-02-06 10:53:00
ES23-036,O,국내,이*훈,2023-02-06 10:24:00
ES23-035,K,국내,이*호,2023-02-03 09:43:00
ES23-034,K,국내,이*호,2023-02-02 09:54:00
ES23-033,C,국내,유*훈,2023-02-01 17:12:00
ES23-032,E,국내,유*훈,2023-02-02 09:51:00
ES23-031,B,국내,박*호,2023-02-01 09:01:00
ES23-030,E,해외,이*훈,2023-01-31 09:34:00
ES23-027,C,국내,유*훈,2023-01-27 16:58:00
ES23-026,E,국내,이*호,2023-01-30 13:42:00
ES23-025,B,국내,이*훈,2023-01-26 10:45:00
ES23-024,F,국내,유*훈,2023-01-20 14:03:00
ES23-023,E,국내,유*훈,2023-01-18 15:50:00
ES23-022,C,국내,유*훈,2023-01-18 15:15:00
ES23-021,A,국내,유*훈,2023-01-18 15:39:00
ES23-020,K,국내,이*훈,2023-01-17 13:56:00
ES23-019,F,국내,이*훈,2023-01-12 13:59:00
ES23-018,C,국내,유*훈,2023-01-11 15:16:00
ES23-017,O,국내,이*훈,2023-01-11 14:49:00
ES23-016,D,국내,이*훈,2023-01-11 14:41:00
ES23-015,ETC,국내,이*훈,2023-01-10 16:54:00
ES23-014,A,국내,이*훈,2023-01-10 17:28:00
ES23-013,I,국내,박*호,2023-01-10 09:18:00
ES23-012,K,국내,이*훈,2023-01-09 16:44:00
ES23-011,K,국내,이*훈,2023-01-09 17:20:00
ES23-010,K,국내,박*호,2023-01-09 13:55:00
ES23-009,C,국내,유*훈,2023-01-09 09:32:00
ES23-008,E,국내,김*민,2023-01-05 16:43:00
ES23-007,G,해외,이*훈,2023-01-06 11:26:00
ES23-006,K,국내,김*민,2023-01-04 16:31:00
ES23-005,L,국내,유*훈,2023-01-05 17:12:00
ES23-004,F,국내,김*민,2023-01-03 17:59:00
ES23-003,K,국내,김*민,2023-01-03 18:00:00
ES23-002,C,국내,유*훈,2023-01-02 17:13:00
ES23-001,B,해외,김*민,2023-01-02 13:52:00
ES22-426,F,국내,유*훈,2022-12-30 10:33:00
ES22-425,B,국내,이*호,2022-12-29 09:26:00
ES22-424,E,국내,유*훈,2022-12-28 14:17:00
ES22-423,I,국내,이*호,2022-12-28 17:06:00
ES22-422,C,국내,유*훈,2022-12-27 11:59:00
ES22-421,C,국내,유*훈,2022-12-27 09:48:00
ES22-420,C,국내,유*훈,2022-12-26 11:48:00
ES22-419,F,국내,이*훈,2022-12-22 14:16:00
ES22-417,R,국내,이*훈,2022-12-21 15:55:00
ES22-416,K,국내,박*호,2022-12-21 12:05:00
ES22-415,D,국내,이*훈,2022-12-21 09:40:00
ES22-414,C,국내,유*훈,2022-12-21 09:25:00
ES22-413,C,국내,유*훈,2022-12-21 09:24:00
ES22-412,E,국내,김*민,2022-12-20 17:08:00
ES22-411,K,국내,박*호,2022-12-20 16:19:00
ES22-410,L,국내,이*훈,2022-12-21 09:31:00
ES22-409,J,국내,박*호,2022-12-21 12:03:00
ES22-408,B,국내,김*민,2022-12-20 17:07:00
ES22-407,K,해외,이*호,2022-12-20 11:34:00
ES22-405,C,국내,박*호,2022-12-16 15:43:00
ES22-404,E,국내,이*호,2022-12-15 14:22:00
ES22-403,D,해외,김*민,2022-12-14 12:16:00
ES22-402,I,국내,박*호,2022-12-15 14:44:00
ES22-401,I,국내,박*호,2022-12-15 14:43:00
ES22-400,C,국내,박*호,2022-12-14 11:12:00
ES22-399,F,국내,박*호,2022-12-13 09:39:00
ES22-398,B,국내,김*민,2022-12-12 09:09:00
ES22-397,C,국내,유*훈,2022-12-09 17:55:00
ES22-396,E,국내,이*훈,2022-12-09 10:35:00
ES22-395,K,국내,유*훈,2022-12-09 09:39:00
ES22-394,O,국내,유*훈,2022-12-08 13:59:00
ES22-393,E,국내,김*민,2022-12-08 11:54:00
ES22-392,C,국내,박*호,2022-12-08 10:06:00
ES22-391,C,국내,유*훈,2022-12-07 09:29:00
ES22-390,A,국내,김*민,2022-12-06 17:59:00
ES22-389,K,국내,김*민,2022-12-06 11:02:00
ES22-388,F,국내,유*훈,2022-12-06 11:46:00
ES22-387,O,국내,이*훈,2022-12-06 09:16:00
ES22-386,K,해외,박*호,2022-12-06 09:14:00
ES22-385,K,국내,박*호,2022-12-02 14:36:00
ES22-384,ETC,국내,김*민,2022-12-06 11:00:00
ES22-383,C,국내,박*호,2022-11-30 09:23:00
ES22-382,C,국내,유*훈,2022-11-29 16:29:00
ES22-381,C,국내,유*훈,2022-11-29 16:28:00
ES22-380,E,국내,이*호,2022-11-29 14:16:00
ES22-379,D,국내,이*호,2022-11-29 14:05:00
ES22-378,C,국내,유*훈,2022-11-29 10:29:00
ES22-377,C,국내,유*훈,2022-11-28 14:18:00
ES22-375,F,국내,이*호,2022-11-28 15:07:00
ES22-374,E,국내,유*훈,2022-11-28 14:25:00
ES22-373,E,국내,이*훈,2022-11-24 09:52:00
ES22-372,C,국내,유*훈,2022-11-28 10:24:00
ES22-371,S,국내,황*효,2022-11-25 14:24:00
ES22-370,K,국내,이*호,2022-11-24 13:54:00
ES22-369,C,국내,유*훈,2022-11-23 10:20:00
ES22-368,K,국내,유*훈,2022-11-23 12:28:00
ES22-367,C,국내,유*훈,2022-11-23 10:19:00
ES22-366,C,국내,유*훈,2022-11-22 16:35:00
ES22-365,K,국내,유*훈,2022-11-22 11:22:00
ES22-364,C,국내,유*훈,2022-11-22 11:15:00
ES22-363,B,국내,이*훈,2022-11-21 10:27:00
ES22-362,R,국내,이*호,2022-11-21 13:41:00
ES22-361,K,국내,유*훈,2022-11-21 09:40:00
ES22-359,K,국내,이*훈,2022-11-21 09:35:00
ES22-357,K,국내,이*훈,2022-11-21 10:48:00
ES22-356,F,국내,유*훈,2022-11-17 12:00:00
ES22-355,K,국내,유*훈,2022-11-16 16:20:00
ES22-354,F,국내,유*훈,2022-11-16 11:34:00
ES22-353,K,국내,박*호,2022-11-18 10:37:00
ES22-352,L,국내,이*훈,2022-11-16 09:10:00
ES22-351,F,국내,박*호,2022-11-15 10:32:00
ES22-350,E,국내,이*호,2022-11-14 10:37:00
ES22-349,I,국내,이*훈,2022-11-11 11:30:00
ES22-348,ETC,국내,이*호,2022-11-11 12:05:00
ES22-347,K,국내,이*호,2022-11-11 12:04:00
ES22-346,A,해외,유*훈,2022-11-10 09:49:00
ES22-345,L,국내,이*훈,2022-11-09 14:18:00
ES22-344,G,국내,유*훈,2022-11-10 09:50:00
ES22-342,K,국내,이*호,2022-11-08 11:34:00
ES22-341,C,국내,유*훈,2022-11-07 18:14:00
ES22-340,D,국내,김*민,2022-11-07 10:26:00
ES22-339,F,국내,김*민,2022-11-07 17:53:00
ES22-338,F,국내,김*민,2022-11-07 17:52:00
ES22-337,C,국내,유*훈,2022-11-04 15:43:00
ES22-336,L,국내,이*훈,2022-11-04 09:12:00
ES22-335,C,국내,박*호,2022-11-03 09:37:00
ES22-334,K,국내,이*훈,2022-11-02 09:08:00
ES22-333,K,국내,이*호,2022-11-02 09:37:00
ES22-332,C,국내,유*훈,2022-11-02 09:23:00
ES22-331,O,국내,김*민,2022-11-02 09:44:00
ES22-330,K,국내,이*호,2022-10-31 09:37:00
ES22-329,D,국내,김*민,2022-10-28 17:21:00
ES22-328,D,국내,이*훈,2022-10-28 16:01:00
ES22-327,K,국내,이*호,2022-10-28 12:27:00
ES22-326,E,국내,김*민,2022-10-27 13:39:00
ES22-325,J,국내,이*호,2022-10-27 10:09:00
ES22-324,E,국내,김*민,2022-10-27 10:00:00
ES22-322,K,국내,김*민,2022-10-26 10:57:00
ES22-321,A,국내,박*호,2022-10-26 08:39:00
ES22-320,ETC,국내,이*호,2022-10-25 17:05:00
ES22-319,L,국내,이*호,2022-10-25 15:28:00
ES22-318,K,국내,김*민,2022-10-21 13:40:00
ES22-317,L,국내,이*호,2022-10-20 12:21:00
ES22-316,E,해외,이*호,2022-10-20 09:41:00
ES22-315,I,국내,이*호,2022-10-20 09:23:00
ES22-314,I,국내,김*민,2022-10-19 15:57:00
ES22-313,C,국내,유*훈,2022-10-19 09:42:00
ES22-312,F,국내,이*훈,2022-10-13 18:56:00
ES22-311,E,국내,김*민,2022-10-13 17:30:00
ES22-310,L,국내,이*훈,2022-10-17 11:16:00
ES22-309,L,국내,이*훈,2022-10-13 09:38:00
ES22-308,K,해외,이*훈,2022-10-12 14:34:00
ES22-307,F,국내,김*민,2022-10-12 09:20:00
ES22-306,C,국내,유*훈,2022-10-12 09:24:00
ES22-304,K,국내,이*호,2022-10-13 17:47:00
ES22-302,B,국내,김*민,2022-10-07 09:03:00
ES22-301,G,국내,김*민,2022-10-07 13:15:00
ES22-300,K,국내,김*민,2022-10-05 16:32:00
ES22-299,C,국내,박*호,2022-10-05 14:55:00
ES22-298,A,국내,김*민,2022-09-29 14:53:00
ES22-297,D,국내,이*훈,2022-09-29 09:15:00
ES22-296,K,국내,이*훈,2022-09-29 09:26:00
ES22-295,K,국내,김*민,2022-09-29 14:52:00
ES22-293,C,국내,유*훈,2022-09-27 09:28:00
ES22-292,D,국내,김*민,2022-09-27 17:26:00
ES22-291,E,국내,박*호,2022-09-23 16:20:00
ES22-290,G,국내,이*호,2022-09-27 09:46:00
ES22-289,L,국내,이*호,2022-09-26 10:09:00
ES22-288,E,국내,박*호,2022-09-21 13:55:00
ES22-287,K,국내,김*민,2022-09-21 08:46:00
ES22-286,I,국내,김*민,2022-09-20 17:59:00
ES22-285,G,국내,이*훈,2022-09-20 13:54:00
ES22-284,E,국내,박*호,2022-09-20 15:03:00
ES22-283,R,국내,김*민,2022-09-21 08:45:00
ES22-282,O,국내,유*훈,2022-09-20 10:33:00
ES22-281,K,국내,유*훈,2022-09-20 10:32:00
ES22-280,O,국내,이*훈,2022-09-19 10:12:00
ES22-279,A,국내,박*호,2022-09-19 09:44:00
ES22-278,L,국내,이*호,2022-09-16 15:01:00
ES22-277,L,국내,이*호,2022-09-16 15:06:00
ES22-276,E,국내,김*민,2022-09-19 09:30:00
ES22-275,L,국내,이*호,2022-09-15 14:38:00
ES22-274,F,국내,이*호,2022-09-14 17:01:00
ES22-273,L,국내,유*훈,2022-09-13 13:08:00
ES22-272,K,국내,유*훈,2022-09-13 14:59:00
ES22-271,E,국내,박*호,2022-09-08 08:57:00
ES22-270,K,국내,김*민,2022-09-07 11:13:00
ES22-269,R,국내,이*호,2022-09-07 10:30:00
ES22-268,K,국내,유*훈,2022-09-06 10:20:00
ES22-267,H,국내,이*호,2022-09-06 17:26:00
ES22-266,J,국내,유*훈,2022-09-05 15:31:00
ES22-265,C,국내,박*호,2022-09-05 13:49:00
ES22-264,F,국내,김*민,2022-09-02 09:11:00
ES22-263,J,국내,유*훈,2022-09-01 12:07:00
ES22-262,D,국내,이*훈,2022-09-01 09:28:00
ES22-261,K,국내,유*훈,2022-08-30 12:30:00
ES22-260,C,국내,유*훈,2022-08-30 12:28:00
ES22-259,C,국내,유*훈,2022-08-30 12:29:00
ES22-257,G,국내,유*훈,2022-08-30 13:53:00
ES22-256,B,국내,박*호,2022-08-31 09:08:00
ES22-255,K,국내,김*민,2022-08-31 08:40:00
ES22-254,C,국내,유*훈,2022-08-25 16:08:00
ES22-253,B,국내,이*훈,2022-08-25 12:02:00
ES22-252,E,국내,이*호,2022-08-25 15:14:00
ES22-251,C,국내,이*훈,2022-08-25 10:22:00
ES22-250,D,해외,김*민,2022-08-23 09:15:00
ES22-249,E,국내,박*호,2022-08-22 10:12:00
ES22-248,K,국내,유*훈,2022-08-22 09:28:00
ES22-247,K,국내,김*민,2022-08-17 18:04:00
ES22-246,D,국내,김*민,2022-08-17 16:25:00
ES22-245,K,국내,김*민,2022-08-17 10:53:00
ES22-244,D,국내,김*민,2022-08-17 09:55:00
ES22-243,S,국내,황*효,2022-08-12 13:48:00
ES22-242,E,국내,김*민,2022-08-11 17:12:00
ES22-241,E,국내,김*민,2022-08-11 14:14:00
ES22-239,K,국내,김*민,2022-08-10 15:25:00
ES22-238,L,국내,김*민,2022-08-10 10:46:00
ES22-237,B,국내,김*민,2022-08-09 12:02:00
ES22-235,F,국내,유*훈,2022-08-08 09:32:00
ES22-234,E,국내,유*훈,2022-08-03 09:27:00
ES22-233,K,국내,유*훈,2022-08-02 15:17:00
ES22-232,K,국내,유*훈,2022-08-02 15:15:00
ES22-231,A,국내,유*훈,2022-08-02 15:01:00
ES22-230,K,국내,유*훈,2022-08-02 14:14:00
ES22-229,C,국내,유*훈,2022-07-29 09:26:00
ES22-228,K,국내,유*훈,2022-07-29 09:25:00
ES22-227,C,국내,유*훈,2022-07-29 09:24:00
ES22-226,K,국내,이*훈,2022-08-01 09:24:00
ES22-225,K,국내,김*민,2022-07-29 11:28:00
ES22-224,E,국내,박*호,2022-07-28 08:42:00
ES22-223,L,국내,유*훈,2022-07-27 17:44:00
ES22-222,C,국내,유*훈,2022-07-25 15:52:00
ES22-221,C,국내,유*훈,2022-07-25 11:19:00
ES22-220,K,국내,유*훈,2022-07-22 12:02:00
ES22-219,O,국내,유*훈,2022-07-20 13:33:00
ES22-218,B,국내,김*민,2022-07-20 09:54:00
ES22-217,K,국내,유*훈,2022-07-19 09:29:00
ES22-214,L,국내,유*훈,2022-07-15 17:51:00
ES22-213,E,국내,이*훈,2022-07-15 11:42:00
ES22-212,C,국내,유*훈,2022-07-15 16:42:00
ES22-211,K,국내,김*민,2022-07-15 11:22:00
ES22-210,D,국내,김*민,2022-07-14 17:46:00
ES22-209,K,국내,유*훈,2022-07-08 10:46:00
ES22-206,K,국내,이*호,2022-07-07 14:21:00
ES22-205,K,국내,이*호,2022-07-07 14:23:00
ES22-204,E,국내,유*훈,2022-07-05 09:54:00
ES22-203,E,국내,유*훈,2022-07-05 09:56:00
ES22-202,K,국내,이*훈,2022-07-05 16:10:00
ES22-201,J,국내,박*호,2022-07-04 11:11:00
ES22-200,K,국내,유*훈,2022-07-05 09:59:00
ES22-199,E,국내,이*호,2022-07-06 15:39:00
ES22-198,C,국내,박*호,2022-07-01 10:01:00
ES22-197,C,국내,유*훈,2022-07-01 10:54:00
ES22-196,D,국내,이*훈,2022-07-01 10:11:00
ES22-194,E,국내,박*호,2022-07-04 11:05:00
ES22-193,S,국내,황*효,2022-07-06 11:27:00
ES22-192,C,국내,유*훈,2022-07-01 10:53:00
ES22-191,E,국내,박*호,2022-07-01 10:03:00
ES22-190,O,국내,유*훈,2022-06-30 09:40:00
ES22-189,F,국내,이*훈,2022-06-30 09:23:00
ES22-188,E,국내,박*호,2022-06-29 18:00:00
ES22-187,K,국내,이*훈,2022-06-29 13:01:00
ES22-186,K,국내,유*훈,2022-06-29 12:13:00
ES22-184,K,국내,이*훈,2022-06-29 11:57:00
ES22-183,L,국내,이*훈,2022-06-29 11:20:00
ES22-182,L,국내,유*훈,2022-06-27 12:10:00
ES22-181,K,국내,김*민,2022-06-28 08:49:00
ES22-180,K,국내,김*민,2022-06-28 08:48:00
ES22-179,D,국내,김*민,2022-06-24 13:43:00
ES22-178,C,국내,유*훈,2022-06-24 12:11:00
ES22-177,D,국내,김*민,2022-06-23 14:53:00
ES22-176,J,국내,박*호,2022-06-22 16:00:00
ES22-175,D,국내,김*민,2022-06-22 12:13:00
ES22-174,K,국내,박*호,2022-06-22 15:59:00
ES22-173,C,국내,유*훈,2022-06-21 18:25:00
ES22-172,C,국내,유*훈,2022-06-21 18:24:00
ES22-170,D,국내,김*민,2022-06-22 09:58:00
ES22-169,F,국내,김*민,2022-06-22 11:08:00
ES22-168,ETC,국내,박*호,2022-06-22 09:01:00
ES22-167,E,국내,이*훈,2022-06-17 12:12:00
ES22-166,C,국내,유*훈,2022-06-17 13:46:00
ES22-165,B,국내,김*민,2022-06-16 11:12:00
ES22-164,K,국내,박*호,2022-06-16 08:47:00
ES22-163,K,국내,김*민,2022-06-14 15:35:00
ES22-162,O,국내,이*훈,2022-06-14 17:16:00
ES22-161,E,국내,박*호,2022-06-14 14:19:00
ES22-160,L,국내,권*태,2022-06-15 09:42:00
ES22-159,E,국내,박*호,2022-06-10 16:25:00
ES22-157,C,국내,유*훈,2022-06-09 15:34:00
ES22-156,I,국내,김*민,2022-06-09 10:38:00
ES22-155,I,국내,김*민,2022-06-09 09:26:00
ES22-154,L,국내,이*훈,2022-06-09 10:35:00
ES22-153,K,국내,김*민,2022-06-03 16:06:00
ES22-152,I,국내,김*민,2022-06-03 08:52:00
ES22-151,I,해외,김*민,2022-06-02 11:52:00
ES22-150,K,국내,이*호,2022-05-31 15:32:00
ES22-149,K,국내,이*호,2022-05-31 15:07:00
ES22-148,K,국내,이*호,2022-05-31 13:34:00
ES22-147,L,국내,유*훈,2022-05-31 10:30:00
ES22-146,S,국내,황*효,2022-05-30 16:43:00
ES22-144,C,국내,유*훈,2022-05-30 09:32:00
ES22-143,L,국내,유*훈,2022-05-30 16:30:00
ES22-142,K,국내,이*호,2022-05-25 17:48:00
ES22-141,E,국내,박*호,2022-05-25 14:04:00
ES22-140,A,국내,김*민,2022-05-25 11:47:00
ES22-139,ETC,국내,유*훈,2022-05-24 10:49:00
ES22-138,D,국내,김*민,2022-05-25 11:46:00
ES22-137,C,국내,유*훈,2022-05-23 17:41:00
ES22-136,E,해외,박*호,2022-05-23 16:37:00
ES22-135,L,국내,유*훈,2022-05-23 11:35:00
ES22-134,C,국내,유*훈,2022-05-19 18:28:00
ES22-133,F,국내,박*호,2022-05-19 11:59:00
ES22-132,E,국내,이*호,2022-05-19 09:41:00
ES22-131,F,국내,이*훈,2022-05-19 12:54:00
ES22-130,E,국내,이*훈,2022-05-19 12:53:00
ES22-129,ETC,국내,유*훈,2022-05-18 09:24:00
ES22-128,I,국내,김*민,2022-05-17 11:11:00
ES22-127,E,국내,김*민,2022-05-17 10:06:00
ES22-126,C,국내,유*훈,2022-05-16 09:43:00
ES22-125,E,국내,박*호,2022-05-13 14:00:00
ES22-124,E,국내,유*훈,2022-05-13 09:51:00
ES22-123,G,국내,이*호,2022-05-13 11:23:00
ES22-122,K,국내,이*호,2022-05-12 12:15:00
ES22-121,F,국내,이*호,2022-05-12 10:59:00
ES22-120,L,국내,유*훈,2022-05-10 10:47:00
ES22-119,E,국내,이*훈,2022-05-06 10:01:00
ES22-118,K,국내,김*민,2022-05-06 12:13:00
ES22-117,K,국내,이*훈,2022-05-06 11:36:00
ES22-115,E,국내,이*호,2022-05-04 14:25:00
ES22-114,J,국내,이*훈,2022-05-06 11:49:00
ES22-113,E,국내,박*호,2022-04-28 15:06:00
ES22-112,O,국내,이*호,2022-04-28 16:30:00
ES22-111,K,국내,박*호,2022-04-29 08:45:00
ES22-110,E,국내,이*훈,2022-04-28 18:24:00
ES22-109,L,국내,유*훈,2022-04-27 16:41:00
ES22-107,C,국내,유*훈,2022-04-26 10:05:00
ES22-106,I,국내,이*훈,2022-04-25 14:22:00
ES22-105,C,국내,유*훈,2022-04-25 14:28:00
ES22-104,D,국내,이*훈,2022-04-25 13:38:00
ES22-103,A,국내,이*호,2022-04-25 12:18:00
ES22-102,I,국내,이*훈,2022-04-21 14:09:00
ES22-101,K,국내,이*호,2022-04-21 12:29:00
ES22-100,E,국내,이*훈,2022-04-20 10:58:00
ES22-099,F,국내,이*훈,2022-04-19 11:58:00
ES22-098,C,국내,유*훈,2022-04-15 14:06:00
ES22-097,C,국내,유*훈,2022-04-15 14:05:00
ES22-096,K,국내,이*훈,2022-04-15 16:39:00
ES22-094,C,국내,박*호,2022-04-15 14:28:00
ES22-093,K,국내,유*훈,2022-04-13 16:24:00
ES22-092,F,국내,이*훈,2022-04-13 16:47:00
ES22-091,E,국내,이*훈,2022-04-13 16:46:00
ES22-089,J,국내,이*훈,2022-04-06 10:07:00
ES22-088,C,국내,유*훈,2022-04-04 17:12:00
ES22-087,K,국내,유*훈,2022-04-04 14:32:00
ES22-086,G,국내,유*훈,2022-04-04 13:51:00
ES22-085,E,국내,유*훈,2022-03-31 14:38:00
ES22-084,L,국내,유*훈,2022-03-31 11:44:00
ES22-083,J,국내,유*훈,2022-03-31 09:23:00
ES22-082,E,국내,이*호,2022-03-29 12:11:00
ES22-081,D,국내,이*호,2022-03-29 11:31:00
ES22-080,O,국내,유*훈,2022-03-22 15:13:00
ES22-079,K,국내,유*훈,2022-03-21 16:25:00
ES22-078,F,국내,유*훈,2022-03-18 16:29:00
ES22-077,K,국내,유*훈,2022-03-18 09:04:00
ES22-076,G,국내,유*훈,2022-03-17 15:42:00
ES22-075,L,국내,유*훈,2022-03-16 17:55:00
ES22-074,L,국내,유*훈,2022-03-16 13:29:00
ES22-072,K,국내,유*훈,2022-03-15 17:16:00
ES22-071,ETC,국내,이*호,2022-03-15 09:46:00
ES22-070,D,국내,이*호,2022-03-14 18:12:00
ES22-069,K,국내,박*호,2022-03-11 10:14:00
ES22-068,C,국내,박*호,2022-03-11 10:13:00
ES22-066,L,해외,이*훈,2022-03-11 15:20:00
ES22-065,B,국내,김*민,2022-03-10 08:18:00
ES22-064,K,해외,유*훈,2022-03-08 09:14:00
ES22-063,K,국내,유*훈,2022-03-04 09:02:00
ES22-061,C,국내,박*호,2022-03-03 14:34:00
ES22-060,K,국내,박*호,2022-03-04 09:06:00
ES22-059,K,국내,이*훈,2022-03-03 11:33:00
ES22-058,C,해외,박*호,2022-02-28 09:53:00
ES22-057,K,국내,김*민,2022-02-28 12:14:00
ES22-056,C,국내,유*훈,2022-02-25 10:25:00
ES22-055,A,국내,이*호,2022-02-25 10:28:00
ES22-054,K,국내,유*훈,2022-02-24 14:34:00
ES22-052,D,국내,유*훈,2022-02-24 10:32:00
ES22-051,K,국내,유*훈,2022-02-24 10:22:00
ES22-050,K,국내,박*호,2022-02-23 15:27:00
ES22-049,G,국내,이*훈,2022-02-23 15:57:00
ES22-048,K,국내,이*훈,2022-02-23 15:55:00
ES22-047,G,국내,유*훈,2022-02-23 10:03:00
ES22-046,K,국내,이*호,2022-02-21 16:36:00
ES22-045,G,해외,김*민,2022-02-21 14:25:00
ES22-044,K,국내,이*호,2022-02-21 10:06:00
ES22-043,K,국내,이*훈,2022-02-21 09:40:00
ES22-042,K,국내,이*훈,2022-02-21 09:41:00
ES22-041,K,국내,이*호,2022-02-18 12:24:00
ES22-040,C,국내,유*훈,2022-02-18 09:16:00
ES22-039,E,국내,이*호,2022-02-16 11:32:00
ES22-038,E,국내,박*호,2022-02-15 10:32:00
ES22-037,E,해외,이*호,2022-02-14 13:52:00
ES22-036,A,국내,이*호,2022-02-10 10:24:00
ES22-035,K,국내,이*호,2022-02-10 10:23:00
ES22-034,K,국내,이*호,2022-02-08 15:29:00
ES22-033,C,국내,유*훈,2022-02-07 12:15:00
ES22-032,L,해외,이*훈,2022-02-04 09:21:00
ES22-031,B,국내,이*훈,2022-02-04 09:19:00
ES22-030,E,국내,유*훈,2022-01-25 14:25:00
ES22-029,C,국내,유*훈,2022-01-25 14:15:00
ES22-028,C,국내,유*훈,2022-01-25 10:51:00
ES22-027,B,국내,유*훈,2022-01-25 09:13:00
ES22-026,K,국내,유*훈,2022-01-24 14:54:00
ES22-025,C,국내,유*훈,2022-01-24 15:19:00
ES22-024,K,국내,유*훈,2022-01-24 13:35:00
ES22-023,K,국내,유*훈,2022-01-24 09:01:00
ES22-022,E,국내,이*영,2022-01-24 09:15:00
ES22-021,O,국내,유*훈,2022-01-21 09:25:00
ES22-020,L,국내,이*영,2022-01-20 16:13:00
ES22-019,C,국내,이*영,2022-01-20 13:31:00
ES22-018,K,국내,이*영,2022-01-20 09:27:00
ES22-017,E,국내,이*영,2022-01-20 10:57:00
ES22-016,K,국내,이*호,2022-01-19 14:11:00
ES22-015,E,국내,이*호,2022-01-19 13:41:00
ES22-014,E,국내,이*영,2022-01-18 16:26:00
ES22-013,F,국내,이*영,2022-01-17 09:35:00
ES22-012,E,국내,이*영,2022-01-12 09:27:00
ES22-011,K,국내,유*훈,2022-01-12 09:03:00
ES22-010,I,국내,김*민,2022-01-13 09:57:00
ES22-009,K,국내,유*훈,2022-01-11 16:36:00
ES22-008,C,국내,이*영,2022-01-07 16:25:00
ES22-007,D,국내,이*영,2022-01-06 14:00:00
ES22-006,J,국내,이*영,2022-01-05 16:29:00
ES22-005,C,국내,이*영,2022-01-05 14:38:00
ES22-004,C,국내,이*영,2022-01-05 11:03:00
ES22-002,C,국내,박*호,2022-01-05 10:55:00
ES22-001,K,국내,유*훈,2022-01-04 10:12:00
ES21-343,E,국내,이*영,2021-12-31 16:27:00
ES21-342,E,국내,유*훈,2021-12-30 14:03:00
ES21-341,K,국내,유*훈,2021-12-29 11:44:00
ES21-340,D,국내,유*훈,2021-12-28 09:26:00
ES21-339,C,국내,박*호,2021-12-23 11:08:00
ES21-337,E,해외,김*민,2021-12-22 13:30:00
ES21-336,I,국내,이*훈,2021-12-22 10:35:00
ES21-335,F,국내,김*민,2021-12-22 09:26:00
ES21-334,I,해외,김*민,2021-12-22 09:25:00
ES21-333,F,국내,이*영,2021-12-21 11:23:00
ES21-332,E,국내,이*영,2021-12-20 13:39:00
ES21-331,E,국내,김*민,2021-12-16 15:57:00
ES21-330,E,국내,이*영,2021-12-15 10:19:00
ES21-329,J,국내,이*영,2021-12-14 14:08:00
ES21-328,B,국내,이*영,2021-12-13 16:35:00
ES21-327,D,국내,박*호,2021-12-13 09:47:00
ES21-326,E,국내,이*영,2021-12-10 11:00:00
ES21-325,K,국내,유*훈,2021-12-09 15:15:00
ES21-324,E,국내,이*영,2021-12-09 11:58:00
ES21-323,D,국내,유*훈,2021-12-08 13:32:00
ES21-322,A,국내,박*호,2021-12-07 10:14:00
ES21-321,C,국내,박*호,2021-12-03 09:10:00
ES21-320,E,국내,이*영,2021-12-01 18:09:00
ES21-319,F,국내,이*영,2021-12-01 16:57:00
ES21-318,E,해외,이*영,2021-11-29 14:23:00
ES21-317,C,국내,이*영,2021-11-25 14:22:00
ES21-316,E,국내,이*영,2021-11-25 14:21:00
ES21-315,C,국내,박*호,2021-11-24 17:08:00
ES21-314,E,국내,이*영,2021-11-24 18:01:00
ES21-313,C,국내,이*영,2021-11-24 09:56:00
ES21-312,L,국내,이*영,2021-11-24 16:31:00
ES21-311,K,국내,이*영,2021-11-23 10:53:00
ES21-310,K,국내,이*영,2021-11-22 17:43:00
ES21-309,F,국내,유*훈,2021-11-23 15:01:00
ES21-308,E,국내,유*훈,2021-11-22 09:45:00
ES21-307,C,국내,박*호,2021-11-19 16:55:00
ES21-306,F,국내,이*훈,2021-11-23 10:02:00
ES21-305,C,국내,박*호,2021-11-17 13:39:00
ES21-303,M,국내,이*호,2021-11-24 10:02:00
ES21-302,M,국내,이*호,2021-11-24 10:00:00
ES21-301,I,국내,박*호,2021-11-17 13:38:00
ES21-300,K,국내,박*호,2021-11-10 09:17:00
ES21-299,I,국내,이*영,2021-11-08 17:58:00
ES21-298,K,국내,이*영,2021-11-08 17:57:00
ES21-297,D,국내,유*훈,2021-11-08 10:23:00
ES21-296,L,국내,유*훈,2021-11-05 18:14:00
ES21-295,L,국내,유*훈,2021-11-05 18:13:00
ES21-294,I,국내,김*민,2021-11-10 08:51:00
ES21-293,K,국내,유*훈,2021-11-08 17:27:00
ES21-292,K,국내,박*호,2021-11-10 08:58:00
ES21-291,K,국내,유*훈,2021-11-05 18:15:00
ES21-290,O,국내,유*훈,2021-11-03 15:56:00
ES21-289,D,국내,유*훈,2021-11-03 09:06:00
ES21-288,K,국내,유*훈,2021-11-01 14:30:00
ES21-287,G,국내,이*호,2021-10-29 09:47:00
ES21-286,G,국내,이*영,2021-10-28 13:37:00
ES21-285,K,국내,이*영,2021-10-27 17:58:00
ES21-284,O,국내,이*호,2021-10-28 15:53:00
ES21-283,E,국내,이*영,2021-10-26 16:32:00
ES21-282,K,국내,이*영,2021-10-27 09:36:00
ES21-281,D,국내,유*훈,2021-10-22 13:52:00
ES21-280,F,국내,이*훈,2021-10-22 11:14:00
ES21-279,C,국내,박*호,2021-10-22 17:15:00
ES21-278,C,국내,박*호,2021-10-22 09:23:00
ES21-277,J,국내,이*호,2021-10-22 09:18:00
ES21-276,L,국내,이*호,2021-10-21 13:46:00
ES21-275,K,국내,이*호,2021-10-21 13:47:00
ES21-274,B,국내,박*호,2021-10-21 08:59:00
ES21-273,K,국내,이*호,2021-10-20 14:27:00
ES21-272,D,국내,이*영,2021-10-20 15:37:00
ES21-271,L,국내,유*훈,2021-10-19 10:59:00
ES21-270,K,해외,이*영,2021-10-18 15:20:00
ES21-269,C,국내,박*호,2021-10-18 09:50:00
ES21-268,C,국내,박*호,2021-10-18 09:46:00
ES21-267,A,국내,이*영,2021-10-14 16:33:00
ES21-266,S,국내,황*효,2021-10-18 09:32:00
ES21-265,L,국내,이*훈,2021-10-13 11:42:00
ES21-264,O,국내,이*호,2021-10-13 12:21:00
ES21-263,F,국내,이*영,2021-10-07 17:06:00
ES21-262,C,국내,박*호,2021-10-07 17:47:00
ES21-261,E,국내,박*호,2021-10-06 15:33:00
ES21-260,E,국내,이*영,2021-10-07 17:29:00
ES21-259,L,국내,이*호,2021-10-08 14:48:00
ES21-258,A,국내,이*영,2021-10-06 14:00:00
ES21-257,L,국내,유*훈,2021-10-01 17:13:00
ES21-256,L,국내,유*훈,2021-09-30 14:33:00
ES21-255,G,국내,이*영,2021-09-30 13:54:00
ES21-254,R,국내,김*민,2021-09-30 13:52:00
ES21-253,C,국내,박*호,2021-09-29 14:27:00
ES21-252,K,국내,이*영,2021-09-28 18:02:00
ES21-251,F,국내,이*영,2021-09-27 16:05:00
ES21-250,F,국내,이*영,2021-09-27 17:31:00
ES21-249,E,국내,박*호,2021-09-27 10:37:00
ES21-248,K,국내,이*호,2021-09-27 09:51:00
ES21-247,G,국내,이*영,2021-09-24 17:28:00
ES21-246,K,해외,이*영,2021-09-27 13:51:00
ES21-245,C,국내,박*호,2021-09-17 11:37:00
ES21-244,E,국내,이*영,2021-09-23 13:50:00
ES21-242,E,국내,박*호,2021-09-16 17:29:00
ES21-241,C,국내,박*호,2021-09-14 17:05:00
ES21-240,O,국내,이*훈,2021-09-24 10:25:00
ES21-239,K,해외,박*호,2021-09-13 16:39:00
ES21-238,L,국내,유*훈,2021-09-10 09:25:00
ES21-237,K,국내,이*영,2021-09-09 13:46:00
ES21-236,E,국내,이*영,2021-09-08 13:44:00
ES21-235,L,국내,유*훈,2021-09-08 16:44:00
ES21-234,K,국내,이*영,2021-09-07 14:54:00
ES21-233,E,국내,이*영,2021-09-06 12:30:00
ES21-232,L,국내,유*훈,2021-09-03 13:54:00
ES21-231,D,국내,김*민,2021-09-02 18:39:00
ES21-230,D,국내,김*민,2021-09-02 18:40:00
ES21-229,L,국내,유*훈,2021-09-03 11:16:00
ES21-228,K,국내,이*영,2021-09-03 10:43:00
ES21-227,E,국내,이*영,2021-09-02 11:53:00
ES21-226,G,국내,이*영,2021-09-01 14:30:00
ES21-225,C,국내,박*호,2021-09-06 11:06:00
ES21-224,E,국내,이*호,2021-09-01 11:05:00
ES21-223,G,국내,이*호,2021-09-01 10:48:00
ES21-222,C,국내,박*호,2021-08-31 10:20:00
ES21-221,G,국내,이*영,2021-08-30 12:03:00
ES21-219,K,국내,유*훈,2021-08-31 17:21:00
ES21-218,E,국내,김*민,2021-08-27 13:29:00
ES21-217,K,해외,이*영,2021-08-30 17:59:00
ES21-216,C,국내,박*호,2021-08-26 10:56:00
ES21-215,I,국내,이*영,2021-08-26 14:29:00
ES21-214,L,국내,유*훈,2021-08-24 15:19:00
ES21-213,E,국내,이*영,2021-08-24 18:05:00
ES21-212,K,국내,이*영,2021-08-24 09:09:00
ES21-211,K,국내,이*영,2021-08-24 09:04:00
ES21-210,E,국내,이*영,2021-08-23 16:10:00
ES21-209,E,국내,이*훈,2021-08-19 09:35:00
ES21-206,E,국내,이*영,2021-08-12 13:36:00
ES21-205,E,국내,이*영,2021-08-10 11:13:00
ES21-204,L,국내,유*훈,2021-08-12 08:57:00
ES21-203,C,국내,박*호,2021-08-09 10:56:00
ES21-202,K,국내,이*호,2021-08-06 16:49:00
ES21-201,I,국내,김*민,2021-08-09 18:31:00
ES21-200,K,국내,유*훈,2021-08-06 11:11:00
ES21-199,C,국내,박*호,2021-08-09 09:53:00
ES21-198,R,국내,이*영,2021-08-02 16:33:00
ES21-197,B,국내,이*영,2021-08-02 09:43:00
ES21-196,K,해외,이*영,2021-07-29 16:50:00
ES21-195,K,해외,이*영,2021-07-29 12:05:00
ES21-193,E,국내,이*영,2021-07-26 09:01:00
ES21-192,A,국내,이*영,2021-07-23 09:14:00
ES21-191,C,국내,박*호,2021-07-22 11:04:00
ES21-190,C,국내,박*호,2021-07-19 15:19:00
ES21-189,K,국내,유*훈,2021-07-16 10:55:00
ES21-187,E,국내,이*영,2021-07-15 14:26:00
ES21-186,E,국내,이*영,2021-07-15 12:13:00
ES21-185,E,국내,이*영,2021-07-15 12:04:00
ES21-184,E,국내,이*영,2021-07-15 09:02:00
ES21-183,A,국내,이*영,2021-07-14 09:11:00
ES21-182,K,국내,이*영,2021-07-13 09:05:00
ES21-181,F,국내,김*민,2021-07-12 13:28:00
ES21-180,E,국내,박*호,2021-07-12 11:55:00
ES21-179,R,국내,김*민,2021-07-09 14:55:00
ES21-178,C,국내,박*호,2021-07-09 10:26:00
ES21-177,K,국내,이*영,2021-07-09 09:06:00
ES21-175,R,국내,김*민,2021-07-05 08:21:00
ES21-174,C,국내,박*호,2021-06-30 14:27:00
ES21-173,K,국내,이*영,2021-06-30 14:44:00
ES21-172,K,국내,이*영,2021-06-30 09:58:00
ES21-171,O,국내,권*태,2021-06-28 10:05:00
ES21-170,E,국내,이*영,2021-06-23 15:59:00
ES21-169,E,국내,김*민,2021-06-22 15:16:00
ES21-168,C,국내,박*호,2021-06-22 18:21:00
ES21-167,G,국내,이*훈,2021-06-22 15:13:00
ES21-166,K,국내,유*훈,2021-06-22 15:08:00
ES21-165,E,국내,이*영,2021-06-22 09:05:00
ES21-164,E,국내,이*영,2021-06-21 14:00:00
ES21-163,B,국내,이*영,2021-06-21 09:33:00
ES21-162,K,국내,이*영,2021-06-18 09:08:00
ES21-161,O,국내,이*훈,2021-06-18 11:24:00
ES21-160,L,국내,이*영,2021-06-17 15:24:00
ES21-159,K,국내,이*영,2021-06-17 16:19:00
ES21-158,C,국내,이*영,2021-06-16 16:02:00
ES21-157,D,국내,이*영,2021-06-15 14:57:00
ES21-156,F,국내,이*영,2021-06-15 14:53:00
ES21-155,E,국내,이*영,2021-06-11 09:10:00
ES21-154,J,국내,이*영,2021-06-10 15:16:00
ES21-153,F,국내,이*영,2021-06-10 09:15:00
ES21-152,K,국내,박*호,2021-06-08 09:43:00
ES21-151,L,국내,이*영,2021-06-04 10:00:00
ES21-150,K,국내,이*영,2021-06-02 15:31:00
ES21-149,K,국내,이*영,2021-06-02 15:24:00
ES21-148,C,국내,박*호,2021-06-02 08:45:00
ES21-147,E,국내,이*영,2021-05-31 11:16:00
ES21-146,K,국내,이*호,2021-05-28 11:37:00
ES21-145,A,국내,김*민,2021-05-28 11:58:00
ES21-144,K,국내,이*영,2021-05-28 09:45:00
ES21-143,J,국내,이*영,2021-05-27 14:37:00
ES21-142,G,국내,이*영,2021-05-27 14:19:00
ES21-141,C,국내,박*호,2021-05-25 18:00:00
ES21-140,C,국내,박*호,2021-05-25 17:59:00
ES21-139,K,국내,이*영,2021-05-25 09:00:00
ES21-138,K,국내,김*민,2021-05-24 13:52:00
ES21-137,K,국내,유*훈,2021-05-24 09:44:00
ES21-136,K,국내,이*영,2021-05-20 16:34:00
ES21-135,K,국내,이*영,2021-05-17 17:48:00
ES21-134,I,국내,이*영,2021-05-17 16:46:00
ES21-133,K,국내,김*민,2021-05-17 14:36:00
ES21-132,D,국내,김*민,2021-05-17 08:52:00
ES21-131,G,국내,이*영,2021-05-13 17:09:00
ES21-130,D,국내,이*영,2021-05-13 16:02:00
ES21-129,D,국내,이*영,2021-05-13 15:26:00
ES21-128,K,국내,이*호,2021-05-14 11:40:00
ES21-127,A,국내,이*호,2021-05-13 12:19:00
ES21-126,D,국내,이*영,2021-05-13 11:09:00
ES21-125,G,국내,이*영,2021-05-12 15:35:00
ES21-124,K,국내,이*영,2021-05-11 15:41:00
ES21-123,K,국내,이*호,2021-05-07 17:58:00
ES21-122,I,국내,김*민,2021-05-06 17:18:00
ES21-121,K,국내,김*민,2021-05-06 14:13:00
ES21-120,K,국내,김*민,2021-05-06 14:00:00
ES21-119,E,국내,박*호,2021-05-04 12:16:00
ES21-118,J,국내,박*호,2021-05-03 11:41:00
ES21-117,K,국내,유*훈,2021-04-30 15:03:00
ES21-116,C,국내,박*호,2021-04-30 10:31:00
ES21-115,D,국내,이*영,2021-04-28 17:48:00
ES21-114,I,해외,이*영,2021-04-28 09:46:00
ES21-113,D,국내,이*영,2021-04-28 09:45:00
ES21-112,G,국내,이*영,2021-04-27 13:35:00
ES21-111,E,국내,이*영,2021-04-26 14:51:00
ES21-110,K,해외,이*영,2021-04-26 09:08:00
ES21-109,C,국내,박*호,2021-04-26 08:47:00
ES21-108,K,국내,이*영,2021-04-22 10:05:00
ES21-107,E,국내,이*영,2021-04-20 10:55:00
ES21-106,L,국내,유*훈,2021-04-19 11:55:00
ES21-105,E,국내,이*영,2021-04-16 09:21:00
ES21-104,K,국내,이*영,2021-04-15 11:49:00
ES21-103,G,국내,이*영,2021-04-14 09:01:00
ES21-102,C,국내,박*호,2021-04-14 09:42:00
ES21-101,D,국내,이*영,2021-04-13 11:06:00
ES21-100,C,국내,이*영,2021-04-08 17:28:00
ES21-099,J,국내,이*영,2021-04-08 16:08:00
ES21-098,B,국내,김*민,2021-04-07 10:02:00
ES21-097,C,국내,박*호,2021-04-02 14:25:00
ES21-096,E,국내,이*영,2021-04-01 16:13:00
ES21-095,C,국내,박*호,2021-04-01 09:09:00
ES21-094,E,국내,이*영,2021-04-01 10:02:00
ES21-093,R,국내,김*민,2021-03-31 13:39:00
ES21-092,K,국내,이*영,2021-03-29 09:26:00
ES21-091,E,국내,이*영,2021-03-26 15:44:00
ES21-090,E,국내,이*영,2021-03-26 09:52:00
ES21-089,I,국내,이*영,2021-03-25 17:09:00
ES21-088,K,국내,이*영,2021-03-26 10:08:00
ES21-087,K,국내,이*영,2021-03-26 10:06:00
ES21-086,G,해외,이*영,2021-03-24 09:09:00
ES21-085,K,국내,유*훈,2021-03-24 09:44:00
ES21-084,D,국내,이*영,2021-03-23 09:12:00
ES21-083,D,해외,이*영,2021-03-23 13:44:00
ES21-082,D,국내,이*영,2021-03-19 13:45:00
ES21-081,K,국내,이*영,2021-03-19 10:28:00
ES21-080,E,국내,이*영,2021-03-19 09:01:00
ES21-079,C,국내,박*호,2021-03-18 14:05:00
ES21-078,E,국내,이*영,2021-03-15 17:46:00
ES21-077,G,국내,유*훈,2021-03-15 15:23:00
ES21-076,E,국내,이*영,2021-03-15 16:07:00
ES21-075,K,국내,김*민,2021-03-15 14:49:00
ES21-074,L,국내,유*훈,2021-03-15 09:45:00
ES21-073,D,국내,이*훈,2021-03-15 10:25:00
ES21-072,C,국내,박*호,2021-03-12 17:37:00
ES21-070,K,해외,이*영,2021-03-15 14:53:00
ES21-069,E,국내,이*영,2021-03-12 10:54:00
ES21-068,D,국내,유*훈,2021-03-11 16:55:00
ES21-067,C,국내,박*호,2021-03-12 08:50:00
ES21-066,K,국내,이*영,2021-03-11 16:42:00
ES21-065,F,국내,김*민,2021-03-11 10:56:00
ES21-064,C,국내,박*호,2021-03-10 15:14:00
ES21-063,E,국내,이*영,2021-03-10 12:10:00
ES21-062,D,국내,김*민,2021-03-09 13:34:00
ES21-061,D,국내,김*민,2021-03-09 14:00:00
ES21-060,B,해외,박*호,2021-03-09 12:02:00
ES21-059,L,국내,유*훈,2021-03-05 11:38:00
ES21-058,I,국내,김*민,2021-03-03 16:36:00
ES21-057,C,국내,박*호,2021-03-03 09:36:00
ES21-056,K,국내,이*훈,2021-03-04 18:36:00
ES21-055,K,국내,박*호,2021-03-03 09:35:00
ES21-054,L,국내,이*훈,2021-03-03 12:21:00
ES21-053,I,국내,김*민,2021-03-03 15:18:00
ES21-052,E,국내,이*영,2021-02-25 15:21:00
ES21-051,B,국내,박*호,2021-02-25 10:26:00
ES21-050,E,국내,이*영,2021-02-25 11:31:00
ES21-049,D,국내,이*영,2021-02-25 11:07:00
ES21-048,E,국내,이*영,2021-02-25 11:10:00
ES21-047,L,국내,유*훈,2021-02-25 11:51:00
ES21-046,C,국내,박*호,2021-02-25 10:25:00
ES21-045,K,국내,이*영,2021-02-24 12:03:00
ES21-044,ETC,국내,박*호,2021-02-24 13:32:00
ES21-043,C,국내,박*호,2021-02-22 11:37:00
ES21-042,C,국내,박*호,2021-02-19 16:42:00
ES21-041,L,국내,유*훈,2021-02-19 11:16:00
ES21-040,K,국내,이*영,2021-02-19 10:55:00
ES21-039,K,국내,이*영,2021-02-19 11:26:00
ES21-038,L,국내,이*훈,2021-02-17 17:08:00
ES21-036,C,국내,박*호,2021-02-15 09:56:00
ES21-035,G,국내,유*훈,2021-02-08 09:34:00
ES21-033,K,국내,김*민,2021-02-08 09:50:00
ES21-031,C,국내,박*호,2021-02-08 10:21:00
ES21-030,K,국내,박*호,2021-02-05 13:37:00
ES21-029,E,국내,김*민,2021-02-04 17:22:00
ES21-027,E,국내,박*호,2021-02-02 10:45:00
ES21-025,K,국내,이*훈,2021-02-02 10:38:00
ES21-024,C,국내,박*호,2021-02-01 09:39:00
ES21-023,C,국내,박*호,2021-02-01 08:40:00
ES21-022,F,국내,이*영,2021-01-28 17:31:00
ES21-021,E,국내,이*영,2021-01-28 17:30:00
ES21-020,B,국내,김*민,2021-01-28 13:39:00
ES21-019,B,해외,유*훈,2021-01-27 14:36:00
ES21-018,J,국내,이*영,2021-01-26 11:02:00
ES21-017,J,국내,이*영,2021-01-21 11:46:00
ES21-016,D,국내,김*민,2021-01-20 16:45:00
ES21-015,K,국내,이*영,2021-01-19 16:32:00
ES21-014,G,국내,이*영,2021-01-18 17:32:00
ES21-013,D,국내,이*영,2021-01-14 17:53:00
ES21-012,D,국내,이*영,2021-01-14 13:38:00
ES21-011,L,국내,유*훈,2021-01-14 10:18:00
ES21-010,D,국내,이*영,2021-01-14 09:52:00
ES21-009,K,국내,김*민,2021-01-13 10:10:00
ES21-008,F,국내,이*영,2021-01-13 10:50:00
ES21-007,K,국내,박*호,2021-01-11 14:16:00
ES21-006,E,국내,박*호,2021-01-08 11:04:00
ES21-005,C,국내,박*호,2021-01-08 09:48:00
ES21-004,C,국내,박*호,2021-01-06 14:56:00
ES21-003,M,국내,이*호,2021-01-05 09:02:00
ES21-002,C,국내,박*호,2021-01-05 09:06:00
ES21-001,B,국내,김*민,2021-01-04 15:22:00
ES20-322,C,국내,박*호,2020-12-29 15:21:00
ES20-321,E,국내,이*영,2020-12-23 17:49:00
ES20-320,L,국내,유*훈,2020-12-24 09:00:00
ES20-319,G,국내,이*영,2020-12-23 11:34:00
ES20-318,C,국내,박*호,2020-12-22 16:30:00
ES20-317,C,국내,박*호,2020-12-18 17:00:00
ES20-314,E,국내,이*영,2020-12-17 17:00:00
ES20-313,K,국내,유*훈,2020-12-17 10:31:00
ES20-312,E,국내,이*영,2020-12-17 16:57:00
ES20-311,E,국내,이*영,2020-12-17 09:26:00
ES20-310,I,국내,이*훈,2020-12-16 16:51:00
ES20-309,K,국내,이*훈,2020-12-16 09:35:00
ES20-308,C,국내,박*호,2020-12-16 09:40:00
ES20-306,C,국내,박*호,2020-12-11 14:40:00
ES20-305,E,국내,이*영,2020-12-11 11:30:00
ES20-304,E,국내,박*호,2020-12-10 09:15:00
ES20-303,E,국내,박*호,2020-12-09 14:41:00
ES20-302,B,국내,김*민,2020-12-09 14:46:00
ES20-301,B,국내,박*호,2020-12-08 09:59:00
ES20-300,E,국내,유*훈,2020-12-08 09:55:00
ES20-299,A,국내,이*영,2020-12-08 10:11:00
ES20-298,K,국내,김*민,2020-12-07 10:55:00
ES20-297,E,국내,이*영,2020-12-04 10:41:00
ES20-296,E,국내,김*민,2020-12-03 10:41:00
ES20-295,K,국내,유*훈,2020-12-02 14:04:00
ES20-294,G,국내,이*영,2020-12-01 14:47:00
ES20-293,E,국내,이*영,2020-12-01 09:16:00
ES20-292,C,국내,박*호,2020-12-01 09:57:00
ES20-291,C,국내,박*호,2020-11-30 10:45:00
ES20-290,C,국내,박*호,2020-11-30 10:43:00
ES20-289,F,국내,이*영,2020-11-26 16:19:00
ES20-288,E,국내,이*영,2020-11-26 11:57:00
ES20-287,I,국내,김*민,2020-11-26 09:02:00
ES20-286,K,국내,이*영,2020-11-26 10:54:00
ES20-285,F,국내,이*훈,2020-11-23 10:08:00
ES20-284,C,국내,박*호,2020-11-23 09:31:00
ES20-283,L,국내,유*훈,2020-11-19 17:00:00
ES20-282,E,국내,김*민,2020-11-18 09:24:00
ES20-281,E,국내,이*영,2020-11-17 09:41:00
ES20-280,K,국내,이*영,2020-11-17 09:40:00
ES20-279,C,국내,박*호,2020-11-16 16:04:00
ES20-278,O,국내,이*훈,2020-11-13 15:26:00
ES20-277,E,국내,김*민,2020-11-11 10:08:00
ES20-276,E,해외,김*민,2020-11-11 10:02:00
ES20-275,K,국내,김*민,2020-11-11 10:01:00
ES20-274,K,국내,박*호,2020-11-11 08:42:00
ES20-273,L,국내,유*훈,2020-11-09 13:41:00
ES20-272,G,국내,박*호,2020-11-06 16:02:00
ES20-271,K,국내,박*호,2020-11-06 10:16:00
ES20-270,C,국내,박*호,2020-11-04 09:49:00
ES20-269,R,국내,이*훈,2020-11-04 10:38:00
ES20-268,H,국내,박*호,2020-11-03 11:21:00
ES20-267,E,국내,이*영,2020-11-03 15:47:00
ES20-266,B,국내,김*민,2020-11-03 09:24:00
ES20-265,E,해외,이*영,2020-10-29 09:22:00
ES20-264,E,국내,이*영,2020-10-29 10:29:00
ES20-263,L,국내,유*훈,2020-10-29 09:31:00
ES20-262,G,국내,이*영,2020-10-27 09:16:00
ES20-261,E,국내,이*훈,2020-10-26 12:19:00
ES20-260,A,국내,유*훈,2020-10-23 12:01:00
ES20-259,L,국내,이*훈,2020-10-20 10:34:00
ES20-256,K,국내,김*민,2020-10-20 09:43:00
ES20-255,G,국내,이*영,2020-10-20 09:19:00
ES20-254,K,해외,유*훈,2020-10-19 09:56:00
ES20-253,E,국내,이*영,2020-10-15 15:24:00
ES20-252,D,국내,이*영,2020-10-15 15:07:00
ES20-251,I,국내,박*호,2020-10-16 09:11:00
ES20-250,C,국내,박*호,2020-10-15 10:55:00
ES20-249,C,국내,박*호,2020-10-13 16:14:00
ES20-248,A,국내,박*호,2020-10-14 09:24:00
ES20-247,A,국내,박*호,2020-10-13 09:37:00
ES20-246,K,국내,박*호,2020-10-08 14:52:00
ES20-245,R,국내,이*훈,2020-10-07 09:47:00
ES20-243,D,국내,이*훈,2020-10-06 10:25:00
ES20-242,K,국내,이*훈,2020-10-06 10:24:00
ES20-241,L,국내,권*태,2020-10-06 09:33:00
ES20-240,E,국내,이*영,2020-09-28 09:37:00
ES20-239,K,국내,박*호,2020-09-28 09:45:00
ES20-238,L,국내,유*훈,2020-09-25 09:30:00
ES20-237,K,국내,김*민,2020-09-25 09:49:00
ES20-236,K,국내,이*훈,2020-09-24 09:20:00
ES20-235,E,국내,이*훈,2020-09-23 15:05:00
ES20-233,D,국내,박*호,2020-09-23 10:22:00
ES20-231,C,국내,박*호,2020-09-22 15:25:00
ES20-230,K,국내,이*훈,2020-09-21 10:02:00
ES20-229,E,국내,김*민,2020-09-17 13:33:00
ES20-228,J,국내,박*호,2020-09-17 09:18:00
ES20-227,A,국내,이*훈,2020-09-15 09:18:00
ES20-226,E,국내,이*영,2020-09-11 11:28:00
ES20-225,O,국내,이*훈,2020-09-11 13:36:00
ES20-224,R,국내,박*호,2020-09-11 08:54:00
ES20-222,A,국내,김*민,2020-09-09 10:44:00
ES20-221,L,국내,유*훈,2020-09-08 10:59:00
ES20-220,I,국내,이*호,2020-09-03 17:55:00
ES20-219,L,국내,이*호,2020-09-03 09:51:00
ES20-218,D,국내,이*영,2020-09-01 13:44:00
ES20-217,C,국내,박*호,2020-09-01 13:49:00
ES20-216,I,국내,김*민,2020-08-31 11:54:00
ES20-214,K,국내,유*훈,2020-08-28 12:05:00
ES20-213,K,국내,이*훈,2020-08-28 10:15:00
ES20-212,I,국내,박*호,2020-08-28 09:39:00
ES20-211,I,국내,김*민,2020-08-27 15:33:00
ES20-210,K,국내,유*훈,2020-08-27 16:28:00
ES20-209,E,국내,김*민,2020-08-27 15:44:00
ES20-208,C,국내,박*호,2020-08-27 15:32:00
ES20-207,G,국내,이*영,2020-08-27 10:47:00
ES20-206,D,국내,이*훈,2020-08-25 12:02:00
ES20-205,G,국내,이*영,2020-08-25 09:22:00
ES20-204,B,국내,이*훈,2020-08-25 11:27:00
ES20-203,B,국내,이*훈,2020-08-25 11:26:00
ES20-202,C,국내,박*호,2020-08-25 10:25:00
ES20-201,K,국내,박*호,2020-08-25 17:03:00
ES20-200,E,국내,이*영,2020-08-24 09:06:00
ES20-199,E,국내,이*훈,2020-08-21 11:41:00
ES20-198,E,국내,유*훈,2020-08-21 11:16:00
ES20-197,K,국내,이*훈,2020-08-20 10:28:00
ES20-196,K,국내,유*훈,2020-08-18 17:49:00
ES20-195,K,국내,박*호,2020-08-19 09:29:00
ES20-194,I,해외,박*호,2020-08-14 15:49:00
ES20-193,E,국내,박*호,2020-08-12 13:32:00
ES20-192,E,해외,박*호,2020-08-12 13:31:00
ES20-191,K,국내,이*호,2020-08-11 11:00:00
ES20-190,K,해외,유*훈,2020-08-07 09:10:00
ES20-189,K,국내,유*훈,2020-08-06 12:21:00
ES20-188,K,국내,김*민,2020-08-05 16:08:00
ES20-187,D,국내,유*훈,2020-08-05 17:16:00
ES20-186,E,국내,이*영,2020-08-06 09:12:00
ES20-184,K,국내,유*훈,2020-08-03 14:46:00
ES20-183,K,국내,박*호,2020-07-31 10:01:00
ES20-182,B,국내,이*호,2020-07-30 09:41:00
ES20-181,G,국내,박*호,2020-07-28 14:08:00
ES20-180,F,국내,이*영,2020-07-28 15:33:00
ES20-179,K,국내,이*훈,2020-07-28 11:45:00
ES20-178,G,국내,이*영,2020-07-28 15:38:00
ES20-177,K,국내,유*훈,2020-07-27 10:03:00
ES20-176,L,국내,유*훈,2020-07-24 12:06:00
ES20-175,C,국내,박*호,2020-07-24 14:52:00
ES20-174,K,국내,김*민,2020-07-27 18:03:00
ES20-173,K,국내,유*훈,2020-07-23 14:16:00
ES20-172,K,국내,유*훈,2020-07-23 13:56:00
ES20-171,K,국내,김*민,2020-07-21 17:59:00
ES20-170,E,국내,유*훈,2020-07-17 09:37:00
ES20-169,ETC,국내,김*민,2020-07-17 12:30:00
ES20-168,E,국내,김*민,2020-07-20 13:39:00
ES20-167,K,국내,김*민,2020-07-15 14:29:00
ES20-165,C,국내,박*호,2020-07-15 09:39:00
ES20-164,C,국내,박*호,2020-07-14 09:53:00
ES20-163,C,국내,박*호,2020-07-13 09:37:00
ES20-162,G,국내,이*영,2020-07-13 09:58:00
ES20-161,K,국내,김*민,2020-07-13 14:50:00
ES20-160,E,국내,박*호,2020-07-10 09:43:00
ES20-158,G,국내,김*민,2020-07-09 13:45:00
ES20-157,K,국내,김*민,2020-07-09 11:56:00
ES20-156,K,국내,유*훈,2020-07-08 13:35:00
ES20-155,I,국내,김*민,2020-07-07 15:39:00
ES20-154,F,국내,유*훈,2020-07-08 11:45:00
ES20-153,K,국내,김*민,2020-07-07 11:51:00
ES20-152,C,국내,박*호,2020-07-06 15:49:00
ES20-151,E,국내,김*민,2020-07-01 16:43:00
ES20-150,K,국내,유*훈,2020-07-02 09:14:00
ES20-149,K,국내,황*효,2020-06-30 16:23:00
ES20-148,F,해외,이*훈,2020-07-01 09:16:00
ES20-147,L,국내,유*훈,2020-06-29 09:09:00
ES20-146,ETC,국내,김*민,2020-06-29 09:22:00
ES20-145,I,국내,이*영,2020-06-29 13:52:00
ES20-144,ETC,국내,김*민,2020-06-29 09:21:00
ES20-143,C,국내,박*호,2020-06-24 20:13:00
ES20-142,E,국내,김*민,2020-06-24 11:14:00
ES20-141,E,국내,이*영,2020-06-24 09:43:00
ES20-140,E,국내,김*민,2020-06-24 09:29:00
ES20-139,C,국내,박*호,2020-06-19 10:04:00
ES20-138,J,국내,이*영,2020-06-19 09:48:00
ES20-137,I,국내,김*민,2020-06-17 17:55:00
ES20-136,C,국내,박*호,2020-06-18 11:39:00
ES20-135,K,국내,김*민,2020-06-16 13:35:00
ES20-134,F,국내,이*호,2020-06-11 14:31:00
ES20-133,L,국내,유*훈,2020-06-09 10:55:00
ES20-132,C,국내,박*호,2020-06-05 14:34:00
ES20-131,E,국내,이*호,2020-06-04 11:25:00
ES20-130,I,국내,김*민,2020-06-03 10:37:00
ES20-129,D,국내,김*민,2020-06-02 13:52:00
ES20-128,L,국내,유*훈,2020-06-02 15:04:00
ES20-127,E,국내,이*영,2020-06-02 09:57:00
ES20-126,E,국내,이*호,2020-05-29 11:36:00
ES20-125,L,국내,유*훈,2020-05-29 09:33:00
ES20-124,C,국내,황*효,2020-05-29 09:59:00
ES20-123,C,국내,황*효,2020-05-28 16:56:00
ES20-122,C,국내,황*효,2020-05-28 13:50:00
ES20-121,I,국내,김*민,2020-05-27 10:07:00
ES20-120,F,해외,김*민,2020-05-27 10:03:00
ES20-118,C,국내,황*효,2020-05-27 11:54:00
ES20-117,G,국내,이*호,2020-05-20 12:02:00
ES20-116,E,국내,이*호,2020-05-19 10:39:00
ES20-115,L,국내,이*호,2020-05-18 09:05:00
ES20-113,E,국내,유*훈,2020-05-12 10:12:00
ES20-112,F,국내,유*훈,2020-05-12 10:11:00
ES20-111,K,국내,김*민,2020-05-11 09:46:00
ES20-110,C,국내,박*호,2020-05-11 09:56:00
ES20-107,K,국내,김*민,2020-04-27 10:04:00
ES20-106,L,국내,유*훈,2020-04-24 13:55:00
ES20-105,E,해외,이*영,2020-04-24 10:35:00
ES20-104,L,국내,유*훈,2020-04-22 13:37:00
ES20-103,R,국내,김*민,2020-04-21 12:04:00
ES20-102,L,국내,유*훈,2020-04-21 10:54:00
ES20-101,H,국내,황*효,2020-04-21 09:28:00
ES20-100,J,국내,박*호,2020-04-21 09:47:00
ES20-099,E,국내,유*훈,2020-04-20 09:40:00
ES20-098,C,국내,박*호,2020-04-20 18:24:00
ES20-097,K,국내,김*민,2020-04-17 12:00:00
ES20-096,K,국내,김*민,2020-04-16 14:47:00
ES20-095,H,국내,박*호,2020-04-14 10:11:00
ES20-094,O,국내,유*훈,2020-04-13 09:47:00
ES20-093,L,국내,유*훈,2020-04-13 09:48:00
ES20-092,K,국내,김*민,2020-04-13 10:02:00
ES20-091,E,국내,이*영,2020-04-10 11:27:00
ES20-090,K,국내,유*훈,2020-04-09 18:16:00
ES20-089,E,국내,김*민,2020-04-08 17:41:00
ES20-088,E,국내,김*민,2020-04-07 09:38:00
ES20-087,E,국내,김*민,2020-04-06 11:51:00
ES20-086,K,국내,김*민,2020-04-06 10:00:00
ES20-085,O,국내,유*훈,2020-04-03 14:41:00
ES20-084,E,국내,이*영,2020-04-03 17:34:00
ES20-083,E,국내,김*민,2020-04-02 13:57:00
ES20-082,D,국내,유*훈,2020-04-02 09:20:00
ES20-080,K,국내,이*훈,2020-04-01 14:16:00
ES20-079,C,국내,황*효,2020-04-02 10:37:00
ES20-078,C,국내,황*효,2020-04-02 10:36:00
ES20-077,K,국내,김*민,2020-03-31 17:55:00
ES20-076,K,국내,김*민,2020-03-31 08:56:00
ES20-075,F,국내,이*영,2020-03-26 09:09:00
ES20-074,K,국내,유*훈,2020-03-26 10:37:00
ES20-073,I,국내,김*민,2020-03-25 09:51:00
ES20-072,C,국내,박*호,2020-03-25 08:48:00
ES20-071,C,국내,박*호,2020-03-20 13:59:00
ES20-070,K,국내,유*훈,2020-03-23 09:44:00
ES20-069,H,국내,박*호,2020-03-20 09:54:00
ES20-068,O,국내,유*훈,2020-03-19 10:57:00
ES20-067,B,국내,김*민,2020-03-19 09:31:00
ES20-066,C,국내,박*호,2020-03-18 09:05:00
ES20-065,D,국내,김*민,2020-03-17 10:00:00
ES20-064,K,국내,김*민,2020-03-16 11:51:00
ES20-063,J,국내,유*훈,2020-03-09 16:09:00
ES20-062,C,국내,박*호,2020-03-09 13:28:00
ES20-061,K,국내,유*훈,2020-03-06 16:53:00
ES20-060,B,국내,김*민,2020-03-05 10:25:00
ES20-059,G,국내,이*영,2020-03-03 10:12:00
ES20-058,D,국내,이*영,2020-03-03 10:02:00
ES20-057,C,국내,박*호,2020-03-02 11:20:00
ES20-056,K,해외,유*훈,2020-03-02 10:01:00
ES20-055,E,국내,박*호,2020-02-28 09:58:00
ES20-054,C,국내,박*호,2020-02-26 09:57:00
ES20-053,G,국내,이*영,2020-02-25 11:09:00
ES20-052,L,국내,유*훈,2020-02-20 15:09:00
ES20-051,E,국내,이*영,2020-02-21 16:50:00
ES20-050,J,국내,유*훈,2020-02-20 09:17:00
ES20-049,C,국내,황*효,2020-02-19 09:40:00
ES20-048,I,해외,김*민,2020-02-18 16:45:00
ES20-047,K,국내,이*호,2020-02-17 10:21:00
ES20-046,C,국내,박*호,2020-02-17 09:36:00
ES20-045,C,국내,박*호,2020-02-14 09:29:00
ES20-044,E,국내,황*효,2020-02-14 09:25:00
ES20-043,C,국내,박*호,2020-02-14 09:27:00
ES20-042,K,해외,이*호,2020-02-12 17:58:00
ES20-041,A,해외,박*호,2020-02-12 09:40:00
ES20-040,C,국내,박*호,2020-02-10 17:34:00
ES20-038,E,국내,유*훈,2020-02-10 16:29:00
ES20-037,K,국내,유*훈,2020-02-10 09:18:00
ES20-036,L,국내,유*훈,2020-02-07 10:16:00
ES20-034,C,국내,박*호,2020-02-07 09:05:00
ES20-033,L,국내,유*훈,2020-02-06 14:25:00
ES20-032,A,국내,유*훈,2020-02-07 09:12:00
ES20-031,E,국내,유*훈,2020-02-06 09:57:00
ES20-030,K,국내,유*훈,2020-02-06 09:56:00
ES20-029,C,국내,박*호,2020-02-06 09:10:00
ES20-028,F,국내,박*호,2020-02-04 13:19:00
ES20-027,K,국내,유*훈,2020-01-31 16:03:00
ES20-026,K,국내,유*훈,2020-02-03 09:50:00
ES20-025,D,국내,김*민,2020-02-03 10:28:00
ES20-024,I,국내,박*호,2020-01-31 09:14:00
ES20-023,S,국내,황*효,2020-02-04 08:50:00
ES20-022,L,국내,유*훈,2020-01-31 10:23:00
ES20-021,F,국내,김*민,2020-01-30 17:32:00
ES20-020,L,국내,유*훈,2020-01-28 17:18:00
ES20-019,F,국내,유*훈,2020-01-22 10:25:00
ES20-018,C,국내,박*호,2020-01-23 10:57:00
ES20-017,F,국내,유*훈,2020-01-22 10:42:00
ES20-016,K,국내,김*민,2020-01-23 15:52:00
ES20-015,L,국내,유*훈,2020-01-21 13:32:00
ES20-014,L,국내,유*훈,2020-01-21 13:31:00
ES20-013,C,국내,박*호,2020-01-21 09:58:00
ES20-012,C,국내,박*호,2020-01-17 14:52:00
ES20-011,D,국내,김*민,2020-01-16 14:07:00
ES20-010,S,국내,황*효,2020-01-17 09:12:00
ES20-009,K,국내,김*민,2020-01-16 09:59:00
ES20-008,D,국내,유*훈,2020-01-14 16:09:00
ES20-007,A,국내,김*민,2020-01-16 09:58:00
ES20-005,C,국내,황*효,2020-01-14 09:11:00
ES20-004,K,국내,유*훈,2020-01-10 16:11:00
ES20-003,O,국내,유*훈,2020-01-08 15:43:00
ES20-002,C,국내,박*호,2020-01-07 09:25:00
ES20-001,E,국내,유*훈,2020-01-08 14:55:00
ES19-350,L,국내,유*훈,2019-12-31 09:16:00
ES19-349,K,해외,유*훈,2019-12-23 13:41:00
ES19-348,K,국내,김*민,2019-12-20 10:10:00
ES19-347,K,해외,이*훈,2019-12-18 16:19:00
ES19-346,ETC,국내,김*민,2019-12-19 14:08:00
ES19-345,C,국내,황*효,2019-12-18 11:10:00
ES19-344,C,국내,황*효,2019-12-18 11:07:00
ES19-343,E,국내,이*훈,2019-12-17 16:32:00
ES19-342,K,국내,유*훈,2019-12-18 10:53:00
ES19-341,I,국내,유*훈,2019-12-16 15:44:00
ES19-340,C,국내,박*호,2019-12-16 13:02:00
ES19-339,K,국내,유*훈,2019-12-13 09:53:00
ES19-338,C,해외,박*호,2019-12-12 09:22:00
ES19-337,C,국내,박*호,2019-12-11 16:31:00
ES19-336,L,국내,유*훈,2019-12-10 13:34:00
ES19-335,E,국내,유*훈,2019-12-10 09:52:00
ES19-334,L,국내,이*호,2019-12-06 09:42:00
ES19-333,L,국내,유*훈,2019-12-09 10:20:00
ES19-332,C,국내,황*효,2019-12-05 10:51:00
ES19-331,O,국내,유*훈,2019-12-03 18:03:00
ES19-330,C,해외,황*효,2019-12-05 11:59:00
ES19-329,L,국내,유*훈,2019-12-03 09:24:00
ES19-328,B,국내,김*민,2019-12-04 09:44:00
ES19-327,C,국내,황*효,2019-12-03 14:39:00
ES19-326,C,국내,황*효,2019-11-29 09:50:00
ES19-325,G,국내,유*훈,2019-11-27 11:51:00
ES19-324,L,국내,유*훈,2019-11-26 15:06:00
ES19-322,H,국내,이*훈,2019-11-25 10:03:00
ES19-321,L,국내,유*훈,2019-11-22 09:34:00
ES19-320,J,국내,이*영,2019-11-22 09:51:00
ES19-319,I,국내,김*민,2019-11-19 10:39:00
ES19-318,G,국내,황*효,2019-11-19 13:36:00
ES19-317,K,국내,김*민,2019-11-15 09:12:00
ES19-316,F,국내,김*민,2019-11-15 10:08:00
ES19-315,H,국내,황*효,2019-11-14 09:29:00
ES19-314,E,국내,이*영,2019-11-14 11:51:00
ES19-313,H,국내,황*효,2019-11-13 09:07:00
ES19-311,G,국내,이*영,2019-11-12 11:30:00
ES19-310,O,국내,김*민,2019-11-12 17:52:00
ES19-308,D,국내,김*민,2019-11-11 17:07:00
ES19-307,K,국내,김*민,2019-11-11 17:06:00
ES19-306,K,국내,김*민,2019-11-08 16:45:00
ES19-305,C,국내,이*영,2019-11-07 10:27:00
ES19-304,E,국내,이*영,2019-11-07 14:16:00
ES19-303,G,국내,김*민,2019-11-06 13:05:00
ES19-302,K,국내,유*훈,2019-11-07 09:19:00
ES19-301,B,국내,김*민,2019-11-05 10:16:00
ES19-300,K,국내,유*훈,2019-11-07 09:18:00
ES19-299,B,국내,김*민,2019-11-04 14:43:00
ES19-298,D,국내,김*민,2019-11-04 10:27:00
ES19-297,E,국내,김*민,2019-11-01 11:22:00
ES19-296,D,국내,김*민,2019-11-01 11:24:00
ES19-295,E,국내,이*영,2019-10-31 16:56:00
ES19-294,K,국내,유*훈,2019-10-30 18:06:00
ES19-293,D,국내,유*훈,2019-10-30 18:04:00
ES19-292,D,국내,유*훈,2019-10-29 11:33:00
ES19-291,O,국내,이*호,2019-10-28 17:05:00
ES19-290,D,국내,유*훈,2019-10-28 17:43:00
ES19-289,B,국내,유*훈,2019-10-24 16:53:00
ES19-287,K,국내,유*훈,2019-10-21 11:39:00
ES19-286,L,국내,유*훈,2019-10-17 17:30:00
ES19-285,C,국내,박*호,2019-10-18 11:36:00
ES19-284,E,국내,유*훈,2019-10-17 15:36:00
ES19-283,C,국내,박*호,2019-10-17 14:22:00
ES19-282,E,국내,유*훈,2019-10-11 16:54:00
ES19-281,C,국내,황*효,2019-10-14 09:34:00
ES19-280,K,국내,김*민,2019-10-10 09:41:00
ES19-279,L,국내,유*훈,2019-10-08 09:34:00
ES19-278,L,국내,유*훈,2019-10-01 14:23:00
ES19-277,D,국내,유*훈,2019-10-01 14:22:00
ES19-275,L,국내,유*훈,2019-09-30 14:14:00
ES19-274,I,국내,김*민,2019-09-30 15:57:00
ES19-273,D,국내,유*훈,2019-09-30 10:44:00
ES19-272,L,국내,유*훈,2019-09-30 10:43:00
ES19-271,G,국내,이*호,2019-09-27 09:46:00
ES19-270,E,국내,유*훈,2019-09-26 15:46:00
ES19-269,K,국내,김*민,2019-09-26 15:15:00
ES19-268,K,국내,유*훈,2019-09-26 08:56:00
ES19-267,ETC,국내,김*민,2019-09-30 15:17:00
ES19-266,K,국내,유*훈,2019-09-24 11:48:00
ES19-265,I,국내,김*민,2019-09-24 15:36:00
ES19-264,D,국내,유*훈,2019-09-17 15:17:00
ES19-263,A,국내,유*훈,2019-09-18 11:25:00
ES19-262,H,국내,김*민,2019-09-19 16:13:00
ES19-261,C,국내,황*효,2019-09-20 15:21:00
ES19-260,K,국내,이*호,2019-09-16 11:50:00
ES19-259,G,국내,이*호,2019-09-11 09:09:00
ES19-258,D,국내,유*훈,2019-09-10 09:04:00
ES19-257,K,국내,김*민,2019-09-10 09:29:00
ES19-256,F,국내,이*호,2019-09-06 09:04:00
ES19-255,C,국내,황*효,2019-09-06 10:48:00
ES19-254,L,국내,이*호,2019-09-03 11:35:00
ES19-253,D,국내,이*호,2019-09-02 17:06:00
ES19-251,C,국내,이*영,2019-08-29 15:10:00
ES19-250,G,국내,이*호,2019-08-29 11:05:00
ES19-249,E,국내,김*민,2019-08-27 10:13:00
ES19-248,E,국내,이*영,2019-08-27 11:22:00
ES19-247,K,해외,유*훈,2019-08-27 09:37:00
ES19-246,L,국내,유*훈,2019-08-20 11:43:00
ES19-245,G,국내,유*훈,2019-08-19 17:02:00
ES19-244,E,국내,유*훈,2019-08-20 09:07:00
ES19-243,B,국내,김*민,2019-08-19 14:41:00
ES19-242,E,국내,김*민,2019-08-14 17:58:00
ES19-241,E,국내,김*민,2019-08-14 17:57:00
ES19-240,D,국내,김*민,2019-08-12 11:30:00
ES19-239,G,국내,김*민,2019-08-12 11:28:00
ES19-238,K,국내,유*훈,2019-08-12 09:48:00
ES19-237,J,국내,김*민,2019-08-12 10:18:00
ES19-236,L,국내,유*훈,2019-08-12 09:46:00
ES19-235,D,국내,이*영,2019-08-12 09:20:00
ES19-234,C,국내,황*효,2019-08-12 11:09:00
ES19-233,C,국내,황*효,2019-08-07 16:35:00
ES19-232,L,국내,유*훈,2019-08-07 16:47:00
ES19-231,D,국내,유*훈,2019-08-07 16:58:00
ES19-230,A,국내,이*호,2019-08-05 18:00:00
ES19-229,K,국내,김*민,2019-08-01 10:22:00
ES19-228,L,국내,유*훈,2019-08-01 13:02:00
ES19-227,K,국내,이*호,2019-08-02 14:03:00
ES19-226,F,국내,이*호,2019-08-02 13:49:00
ES19-225,B,국내,김*민,2019-07-31 14:13:00
ES19-224,F,국내,이*영,2019-07-31 10:59:00
ES19-223,G,국내,유*훈,2019-08-01 13:03:00
ES19-222,H,국내,이*영,2019-07-31 17:37:00
ES19-221,K,국내,유*훈,2019-07-31 09:23:00
ES19-220,I,국내,이*훈,2019-07-29 09:37:00
ES19-219,L,국내,유*훈,2019-07-26 11:28:00
ES19-218,F,국내,김*민,2019-07-29 08:09:00
ES19-217,J,국내,이*영,2019-07-23 18:14:00
ES19-216,K,국내,유*훈,2019-07-24 09:35:00
ES19-215,F,국내,김*민,2019-07-24 09:38:00
ES19-214,E,국내,이*영,2019-07-19 10:20:00
ES19-213,G,국내,이*영,2019-07-18 09:00:00
ES19-212,K,국내,황*효,2019-07-17 10:35:00
ES19-210,L,국내,유*훈,2019-07-16 16:56:00
ES19-209,K,국내,유*훈,2019-07-15 10:25:00
ES19-208,G,국내,유*훈,2019-07-12 10:10:00
ES19-207,K,국내,황*효,2019-07-16 15:29:00
ES19-206,K,국내,유*훈,2019-07-10 16:29:00
ES19-204,L,국내,유*훈,2019-07-09 10:06:00
ES19-203,K,국내,유*훈,2019-07-09 09:28:00
ES19-201,L,국내,유*훈,2019-07-09 09:27:00
ES19-200,E,국내,황*효,2019-07-09 10:01:00
ES19-198,C,해외,황*효,2019-07-05 10:06:00
ES19-197,C,국내,황*효,2019-07-04 10:54:00
ES19-196,B,국내,김*민,2019-07-03 13:01:00
ES19-195,E,국내,이*호,2019-07-04 15:44:00
ES19-194,A,국내,유*훈,2019-07-04 12:00:00
ES19-193,F,국내,유*훈,2019-07-04 11:59:00
ES19-192,E,국내,이*영,2019-07-02 09:28:00
ES19-191,C,국내,황*효,2019-07-01 10:02:00
ES19-190,L,국내,유*훈,2019-06-28 18:06:00
ES19-189,K,국내,황*효,2019-06-28 09:09:00
ES19-188,ETC,국내,김*민,2019-06-26 14:50:00
ES19-187,R,국내,유*훈,2019-06-26 13:37:00
ES19-186,D,국내,이*영,2019-06-26 10:59:00
ES19-184,K,국내,유*훈,2019-06-25 17:50:00
ES19-183,C,국내,황*효,2019-06-25 11:29:00
ES19-182,K,국내,유*훈,2019-06-24 10:55:00
ES19-180,K,국내,유*훈,2019-06-24 10:54:00
ES19-179,C,국내,황*효,2019-06-20 12:24:00
ES19-178,E,국내,이*호,2019-06-18 10:31:00
ES19-177,J,국내,이*영,2019-06-20 12:15:00
ES19-176,K,국내,유*훈,2019-06-17 09:33:00
ES19-175,K,국내,이*호,2019-06-17 10:06:00
ES19-174,C,국내,황*효,2019-06-17 10:47:00
ES19-173,E,국내,이*훈,2019-06-11 14:11:00
ES19-172,K,국내,이*훈,2019-06-11 09:31:00
ES19-171,K,해외,이*호,2019-06-11 09:24:00
ES19-170,K,국내,이*호,2019-06-12 18:18:00
ES19-168,C,국내,황*효,2019-06-11 09:15:00
ES19-167,K,국내,이*훈,2019-06-11 09:27:00
ES19-166,L,국내,이*호,2019-06-11 09:23:00
ES19-165,L,국내,유*훈,2019-06-07 16:38:00
ES19-164,R,국내,유*훈,2019-06-07 16:56:00
ES19-163,K,국내,김*민,2019-06-05 13:42:00
ES19-161,D,국내,이*호,2019-06-04 16:34:00
ES19-160,K,국내,유*훈,2019-06-03 09:26:00
ES19-159,L,국내,유*훈,2019-05-31 09:17:00
ES19-158,C,국내,황*효,2019-05-31 10:20:00
ES19-157,F,해외,이*호,2019-05-31 10:21:00
ES19-156,ETC,국내,이*호,2019-05-31 09:20:00
ES19-155,L,국내,유*훈,2019-05-28 09:06:00
ES19-153,O,국내,유*훈,2019-05-28 09:07:00
ES19-152,C,국내,황*효,2019-05-29 15:44:00
ES19-151,I,국내,김*민,2019-05-28 09:04:00
ES19-150,B,국내,김*민,2019-05-28 09:03:00
ES19-149,F,국내,이*호,2019-05-29 17:41:00
ES19-148,B,국내,김*민,2019-05-23 08:38:00
ES19-147,L,국내,유*훈,2019-05-22 17:46:00
ES19-146,C,국내,황*효,2019-05-21 13:15:00
ES19-145,C,해외,황*효,2019-05-21 10:06:00
ES19-144,K,국내,유*훈,2019-05-20 17:47:00
ES19-143,D,국내,이*훈,2019-05-20 13:43:00
ES19-142,K,국내,유*훈,2019-05-17 10:21:00
ES19-141,B,국내,유*훈,2019-05-16 17:11:00
ES19-139,G,국내,이*영,2019-05-15 12:18:00
ES19-138,E,국내,유*훈,2019-05-17 10:20:00
ES19-137,E,국내,이*영,2019-05-16 15:28:00
ES19-136,ETC,국내,이*영,2019-05-14 14:41:00
ES19-135,G,국내,황*효,2019-05-10 17:13:00
ES19-134,F,해외,유*훈,2019-05-09 09:55:00
ES19-133,O,국내,이*훈,2019-05-07 10:06:00
ES19-132,G,국내,유*훈,2019-05-09 09:54:00
ES19-131,C,국내,황*효,2019-05-03 16:32:00
ES19-130,G,국내,이*호,2019-05-07 14:22:00
ES19-129,C,국내,황*효,2019-05-03 16:15:00
ES19-128,K,국내,유*훈,2019-05-02 09:43:00
ES19-126,C,국내,황*효,2019-04-30 11:34:00
ES19-125,B,국내,이*영,2019-04-30 09:40:00
ES19-124,K,국내,이*훈,2019-04-29 17:39:00
ES19-123,C,국내,황*효,2019-04-26 12:49:00
ES19-121,C,국내,황*효,2019-04-26 12:47:00
ES19-120,D,국내,이*훈,2019-04-24 10:29:00
ES19-119,C,국내,황*효,2019-04-23 08:45:00
ES19-117,K,국내,이*호,2019-04-19 16:19:00
ES19-116,C,국내,황*효,2019-04-18 08:44:00
ES19-115,C,국내,황*효,2019-04-16 08:57:00
ES19-114,C,해외,황*효,2019-04-15 14:00:00
ES19-113,C,국내,황*효,2019-04-15 13:58:00
ES19-112,B,국내,이*호,2019-04-19 15:52:00
ES19-111,I,국내,김*민,2019-04-22 09:32:00
ES19-110,D,국내,이*훈,2019-04-12 15:01:00
ES19-109,C,국내,황*효,2019-04-15 09:52:00
ES19-108,ETC,국내,이*호,2019-04-16 12:00:00
ES19-107,E,국내,유*훈,2019-04-11 15:10:00
ES19-106,L,국내,유*훈,2019-04-09 18:30:00
ES19-105,K,국내,유*훈,2019-04-09 09:04:00
ES19-104,E,국내,유*훈,2019-04-09 09:05:00
ES19-103,K,국내,유*훈,2019-04-08 09:16:00
ES19-102,L,국내,이*호,2019-04-09 09:54:00
ES19-101,M,국내,이*호,2019-04-16 16:20:00
ES19-100,E,국내,이*훈,2019-04-04 16:50:00
ES19-099,K,국내,유*훈,2019-04-05 09:06:00
ES19-098,E,국내,이*훈,2019-04-05 09:16:00
ES19-097,R,국내,김*민,2019-04-02 16:32:00
ES19-096,E,국내,이*훈,2019-04-02 13:19:00
ES19-095,C,해외,황*효,2019-04-02 19:55:00
ES19-094,O,국내,유*훈,2019-03-27 16:39:00
ES19-093,C,국내,황*효,2019-03-27 09:36:00
ES19-092,C,국내,이*영,2019-03-26 09:54:00
ES19-091,E,국내,이*훈,2019-03-22 13:15:00
ES19-089,K,국내,유*훈,2019-03-20 14:58:00
ES19-088,O,국내,유*훈,2019-03-20 14:55:00
ES19-087,G,국내,이*훈,2019-03-20 15:06:00
ES19-086,E,국내,이*훈,2019-03-18 08:50:00
ES19-085,K,국내,유*훈,2019-03-18 09:39:00
ES19-084,C,국내,황*효,2019-03-15 17:37:00
ES19-083,G,국내,이*영,2019-03-18 11:35:00
ES19-082,L,국내,유*훈,2019-03-18 09:38:00
ES19-081,F,국내,이*훈,2019-03-14 14:31:00
ES19-080,E,국내,이*훈,2019-03-18 08:51:00
ES19-079,F,국내,이*영,2019-03-18 11:31:00
ES19-078,A,해외,이*훈,2019-03-14 17:12:00
ES19-077,G,국내,이*영,2019-03-18 11:43:00
ES19-073,K,국내,유*훈,2019-03-13 09:29:00
ES19-072,C,국내,이*영,2019-03-12 10:00:00
ES19-071,ETC,국내,이*영,2019-03-12 09:57:00
ES19-070,K,국내,이*호,2019-03-12 10:35:00
ES19-069,J,국내,이*영,2019-03-18 11:55:00
ES19-067,ETC,해외,이*호,2019-03-19 09:14:00
ES19-066,E,국내,이*영,2019-03-12 09:53:00
ES19-065,C,국내,황*효,2019-03-11 17:05:00
ES19-064,K,국내,유*훈,2019-03-08 09:34:00
ES19-063,J,국내,이*영,2019-03-07 13:49:00
ES19-062,B,국내,이*호,2019-03-07 11:31:00
ES19-061,L,국내,이*호,2019-03-07 11:12:00
ES19-060,K,국내,이*호,2019-03-05 10:28:00
ES19-059,C,국내,황*효,2019-02-27 11:20:00
ES19-058,E,국내,이*영,2019-03-04 13:40:00
ES19-057,K,국내,이*호,2019-03-05 09:51:00
ES19-055,A,국내,황*효,2019-03-05 09:15:00
ES19-053,E,국내,유*훈,2019-02-26 11:26:00
ES19-052,F,국내,김*민,2019-02-26 11:24:00
ES19-051,K,국내,유*훈,2019-02-25 18:20:00
ES19-050,B,국내,이*호,2019-03-04 16:56:00
ES19-049,K,국내,유*훈,2019-02-22 09:10:00
ES19-048,F,국내,유*훈,2019-02-22 09:14:00
ES19-047,E,국내,유*훈,2019-02-22 09:42:00
ES19-046,I,국내,김*민,2019-03-08 14:58:00
ES19-045,K,국내,유*훈,2019-02-20 09:57:00
ES19-044,L,국내,권*태,2019-02-25 17:10:00
ES19-043,C,국내,황*효,2019-02-25 09:35:00
ES19-042,B,국내,김*민,2019-02-19 18:05:00
ES19-041,D,국내,김*민,2019-03-07 12:23:00
ES19-040,L,국내,유*훈,2019-02-15 10:45:00
ES19-039,L,국내,유*훈,2019-02-15 10:30:00
ES19-038,L,국내,유*훈,2019-02-18 10:55:00
ES19-037,B,국내,김*민,2019-02-18 13:03:00
ES19-034,O,국내,유*훈,2019-02-14 09:42:00
ES19-033,E,국내,이*훈,2019-02-18 17:44:00
ES19-032,B,국내,김*민,2019-02-14 11:22:00
ES19-030,I,국내,김*민,2019-02-18 13:19:00
ES19-029,B,국내,김*민,2019-03-08 12:19:00
ES19-028,K,국내,유*훈,2019-02-11 13:02:00
ES19-027,C,국내,황*효,2019-02-11 09:17:00
ES19-026,C,국내,이*영,2019-02-11 18:45:00
ES19-025,C,국내,황*효,2019-02-07 14:08:00
ES19-024,F,국내,김*민,2019-01-30 09:38:00
ES19-023,E,해외,이*호,2019-01-30 09:40:00
ES19-022,F,국내,이*호,2019-01-30 10:36:00
ES19-021,L,국내,유*훈,2019-01-29 16:26:00
ES19-020,C,국내,이*영,2019-01-28 16:47:00
ES19-019,O,국내,이*호,2019-01-28 11:24:00
ES19-018,C,국내,이*영,2019-01-28 15:11:00
ES19-017,E,국내,황*효,2019-01-23 12:54:00
ES19-016,E,국내,황*효,2019-01-23 12:53:00
ES19-014,I,국내,황*효,2019-01-23 12:52:00
ES19-013,L,국내,유*훈,2019-01-16 09:10:00
ES19-011,L,국내,유*훈,2019-01-16 09:09:00
ES19-010,L,국내,이*호,2019-01-16 17:22:00
ES19-009,C,국내,이*영,2019-01-21 10:39:00
ES19-008,C,국내,이*영,2019-01-21 10:36:00
ES19-007,K,해외,이*호,2019-01-15 09:01:00
ES19-006,C,국내,이*영,2019-01-10 18:38:00
ES19-005,A,국내,이*영,2019-01-29 17:21:00
ES19-004,C,국내,이*영,2019-01-29 17:55:00
ES19-003,K,국내,김*민,2019-01-11 08:57:00
ES19-002,H,국내,황*효,2019-01-11 10:02:00
ES19-001,I,국내,유*훈,2019-01-07 16:42:00
