도면요청번호,접수일,제품그룹,Location,담당자,연도
ES25-374,2025-12-17 17:36:00,C,국내,노*경,2025
ES25-372,2025-12-17 10:25:00,L,국내,남*모,2025
ES25-371,2025-12-16 15:02:00,K,국내,나*준,2025
ES25-370,2025-12-16 11:02:00,B,국내,노*경,2025
ES25-369,2025-12-16 09:06:00,K,국내,나*준,2025
ES25-368,2025-12-11 15:39:00,K,국내,나*준,2025
ES25-367,2025-12-10 17:39:00,E,국내,김*민,2025
ES25-366,2025-12-10 17:05:00,C,국내,노*경,2025
ES25-365,2025-12-10 14:48:00,E,국내,나*준,2025
ES25-364,2025-12-09 17:19:00,G,국내,나*준,2025
ES25-362,2025-12-05 14:30:00,C,국내,노*경,2025
ES25-361,2025-12-03 17:33:00,K,국내,나*준,2025
ES25-360,2025-12-03 10:59:00,C,국내,노*경,2025
ES25-359,2025-12-02 13:36:00,A,국내,김*민,2025
ES25-358,2025-12-01 11:04:00,C,국내,노*경,2025
ES25-357,2025-12-01 13:04:00,K,국내,김*민,2025
ES25-356,2025-11-28 10:51:00,E,국내,노*경,2025
ES25-355,2025-11-27 14:02:00,K,국내,김*민,2025
ES25-354,2025-11-27 13:17:00,C,국내,노*경,2025
ES25-353,2025-11-27 10:49:00,M,국내,김*민,2025
ES25-352,2025-11-27 08:42:00,I,국내,김*민,2025
ES25-351,2025-11-27 08:43:00,A,국내,김*민,2025
ES25-350,2025-11-26 17:36:00,K,국내,노*경,2025
ES25-349,2025-11-26 14:22:00,I,국내,노*경,2025
ES25-348,2025-11-24 14:22:00,C,국내,노*경,2025
ES25-347,2025-11-20 15:43:00,E,해외,김*민,2025
ES25-346,2025-11-20 16:27:00,E,국내,박*호,2025
ES25-345,2025-11-20 15:47:00,E,국내,노*경,2025
ES25-344,2025-11-20 10:36:00,I,국내,노*경,2025
ES25-343,2025-11-19 14:35:00,E,국내,노*경,2025
ES25-342,2025-11-19 15:27:00,F,국내,박*호,2025
ES25-341,2025-11-17 17:37:00,C,국내,노*경,2025
ES25-340,2025-11-18 10:54:00,J,국내,노*경,2025
ES25-339,2025-11-18 11:12:00,F,국내,노*경,2025
ES25-338,2025-11-18 09:16:00,K,국내,김*민,2025
ES25-337,2025-11-14 15:13:00,C,국내,노*경,2025
ES25-336,2025-11-17 09:37:00,K,해외,김*민,2025
ES25-335,2025-11-14 13:51:00,D,국내,박*호,2025
ES25-334,2025-11-14 09:35:00,B,국내,노*경,2025
ES25-333,2025-11-14 13:12:00,A,국내,김*민,2025
ES25-332,2025-11-12 11:27:00,I,국내,박*호,2025
ES25-331,2025-11-10 14:36:00,D,국내,박*호,2025
ES25-330,2025-11-10 09:30:00,G,국내,노*경,2025
ES25-329,2025-11-06 16:11:00,E,국내,노*경,2025
ES25-328,2025-11-06 15:52:00,E,국내,노*경,2025
ES25-327,2025-11-06 15:48:00,J,국내,노*경,2025
ES25-326,2025-11-06 16:12:00,B,국내,노*경,2025
ES25-325,2025-11-05 14:56:00,C,국내,노*경,2025
ES25-324,2025-11-05 13:31:00,F,국내,노*경,2025
ES25-323,2025-11-04 14:00:00,E,해외,노*경,2025
ES25-322,2025-11-04 13:19:00,D,국내,노*경,2025
ES25-321,2025-11-03 16:37:00,K,국내,박*호,2025
ES25-320,2025-11-03 17:27:00,F,국내,김*민,2025
ES25-319,2025-10-30 14:42:00,F,국내,박*호,2025
ES25-318,2025-10-30 08:51:00,B,국내,김*민,2025
ES25-317,2025-10-29 18:01:00,B,국내,김*민,2025
ES25-316,2025-10-30 08:50:00,I,국내,김*민,2025
ES25-315,2025-10-29 11:29:00,J,국내,노*경,2025
ES25-314,2025-10-29 11:27:00,C,국내,노*경,2025
ES25-313,2025-10-29 11:27:00,C,국내,노*경,2025
ES25-312,2025-10-29 10:02:00,K,국내,김*민,2025
ES25-311,2025-10-30 09:45:00,K,국내,박*호,2025
ES25-310,2025-10-28 16:41:00,F,국내,노*경,2025
ES25-309,2025-10-28 13:08:00,K,국내,노*경,2025
ES25-308,2025-10-24 16:19:00,L,국내,박*호,2025
ES25-307,2025-10-23 19:12:00,A,국내,김*민,2025
ES25-306,2025-10-23 16:49:00,D,국내,노*경,2025
ES25-305,2025-10-24 09:20:00,B,국내,노*경,2025
ES25-304,2025-10-24 09:01:00,H,국내,박*호,2025
ES25-302,2025-10-22 09:47:00,I,국내,노*경,2025
ES25-301,2025-10-22 10:48:00,F,국내,김*민,2025
ES25-300,2025-10-21 10:21:00,E,국내,박*호,2025
ES25-299,2025-10-20 14:47:00,R,국내,김*민,2025
ES25-298,2025-10-20 14:34:00,K,국내,김*민,2025
ES25-297,2025-10-20 10:41:00,C,국내,노*경,2025
ES25-296,2025-10-20 10:06:00,H,국내,김*민,2025
ES25-295,2025-10-15 11:22:00,E,국내,노*경,2025
ES25-294,2025-10-15 14:43:00,F,국내,박*호,2025
ES25-293,2025-10-07 13:32:00,D,국내,김*민,2025
ES25-292,2025-10-02 09:25:00,J,국내,박*호,2025
ES25-291,2025-10-01 14:33:00,L,국내,박*호,2025
ES25-290,2025-10-01 11:31:00,K,국내,노*경,2025
ES25-289,2025-09-30 09:19:00,K,국내,박*호,2025
ES25-288,2025-09-30 14:43:00,C,국내,노*경,2025
ES25-287,2025-09-30 09:56:00,K,국내,남*모,2025
ES25-286,2025-09-30 09:15:00,K,국내,박*호,2025
ES25-285,2025-10-15 17:38:00,N,국내,노*경,2025
ES25-284,2025-09-30 15:06:00,J,국내,노*경,2025
ES25-283,2025-09-25 11:07:00,K,국내,박*호,2025
ES25-282,2025-09-24 16:35:00,R,국내,김*민,2025
ES25-281,2025-09-24 11:37:00,E,국내,노*경,2025
ES25-280,2025-09-22 09:12:00,K,국내,노*경,2025
ES25-279,2025-09-19 12:16:00,C,국내,노*경,2025
ES25-278,2025-09-17 13:35:00,B,국내,남*모,2025
ES25-277,2025-09-16 16:26:00,K,국내,김*민,2025
ES25-276,2025-09-16 17:26:00,K,국내,노*경,2025
ES25-275,2025-09-16 17:25:00,K,국내,노*경,2025
ES25-274,2025-09-16 11:02:00,K,국내,남*모,2025
ES25-273,2025-09-12 17:52:00,E,국내,남*모,2025
ES25-272,2025-09-12 17:18:00,B,국내,남*모,2025
ES25-271,2025-09-11 19:19:00,K,국내,김*민,2025
ES25-270,2025-09-08 15:30:00,B,국내,노*경,2025
ES25-269,2025-09-11 13:45:00,G,국내,김*민,2025
ES25-268,2025-09-08 14:16:00,A,국내,김*민,2025
ES25-267,2025-09-11 13:47:00,K,국내,김*민,2025
ES25-266,2025-09-11 13:47:00,A,국내,김*민,2025
ES25-265,2025-09-09 12:20:00,K,국내,남*모,2025
ES25-264,2025-09-11 19:53:00,K,국내,남*모,2025
ES25-263,2025-09-05 14:16:00,G,국내,노*경,2025
ES25-262,2025-09-08 14:46:00,D,국내,박*호,2025
ES25-261,2025-09-08 17:43:00,L,국내,박*호,2025
ES25-260,2025-09-03 17:08:00,C,국내,노*경,2025
ES25-259,2025-09-11 19:55:00,K,국내,남*모,2025
ES25-258,2025-09-03 14:58:00,F,국내,노*경,2025
ES25-257,2025-09-11 19:54:00,K,국내,노*경,2025
ES25-256,2025-09-01 11:37:00,E,국내,노*경,2025
ES25-255,2025-08-29 14:49:00,L,국내,노*경,2025
ES25-254,2025-08-29 10:20:00,E,국내,노*경,2025
ES25-253,2025-08-28 11:16:00,E,국내,노*경,2025
ES25-252,2025-08-27 09:54:00,K,해외,노*경,2025
ES25-251,2025-08-26 13:53:00,C,국내,노*경,2025
ES25-250,2025-08-26 13:52:00,C,국내,노*경,2025
ES25-249,2025-08-27 13:39:00,E,국내,남*모,2025
ES25-248,2025-08-26 09:45:00,C,국내,노*경,2025
ES25-247,2025-08-26 09:46:00,J,국내,노*경,2025
ES25-246,2025-08-27 09:53:00,K,국내,노*경,2025
ES25-245,2025-08-25 09:36:00,H,국내,박*호,2025
ES25-244,2025-08-22 13:52:00,K,국내,남*모,2025
ES25-243,2025-08-21 15:59:00,H,국내,남*모,2025
ES25-242,2025-08-20 17:21:00,L,국내,박*호,2025
ES25-241,2025-08-19 10:01:00,L,국내,박*호,2025
ES25-240,2025-08-19 17:42:00,B,국내,남*모,2025
ES25-239,2025-08-19 10:08:00,F,국내,남*모,2025
ES25-238,2025-08-18 15:26:00,C,국내,노*경,2025
ES25-237,2025-08-19 09:59:00,D,국내,박*호,2025
ES25-236,2025-08-18 15:25:00,J,국내,노*경,2025
ES25-235,2025-08-14 11:48:00,E,국내,박*호,2025
ES25-234,2025-08-14 09:43:00,B,국내,김*민,2025
ES25-233,2025-08-12 13:06:00,E,국내,박*호,2025
ES25-232,2025-08-11 17:11:00,C,국내,노*경,2025
ES25-231,2025-08-07 09:31:00,G,국내,남*모,2025
ES25-230,2025-08-06 14:08:00,I,국내,박*호,2025
ES25-229,2025-08-11 17:12:00,N,국내,노*경,2025
ES25-228,2025-08-05 13:30:00,N,국내,노*경,2025
ES25-227,2025-08-04 13:27:00,F,국내,박*호,2025
ES25-226,2025-08-01 09:39:00,E,국내,박*호,2025
ES25-225,2025-07-29 13:02:00,A,국내,박*호,2025
ES25-224,2025-07-25 11:53:00,K,국내,박*호,2025
ES25-223,2025-07-24 18:07:00,D,국내,김*민,2025
ES25-222,2025-07-23 10:45:00,K,국내,남*모,2025
ES25-221,2025-07-22 15:09:00,P,국내,박*호,2025
ES25-220,2025-07-22 15:21:00,B,국내,남*모,2025
ES25-219,2025-07-22 14:58:00,E,국내,나*준,2025
ES25-218,2025-07-21 09:07:00,K,국내,박*호,2025
ES25-217,2025-07-23 08:49:00,B,국내,김*민,2025
ES25-216,2025-07-16 09:15:00,K,국내,남*모,2025
ES25-215,2025-07-11 10:04:00,L,국내,노*경,2025
ES25-214,2025-07-11 09:12:00,E,국내,노*경,2025
ES25-213,2025-07-11 09:11:00,E,국내,노*경,2025
ES25-212,2025-07-09 15:59:00,D,국내,남*모,2025
ES25-211,2025-07-09 15:15:00,G,국내,남*모,2025
ES25-210,2025-07-07 15:53:00,D,국내,노*경,2025
ES25-209,2025-07-07 15:52:00,F,국내,노*경,2025
ES25-208,2025-07-04 15:26:00,C,국내,노*경,2025
ES25-207,2025-07-04 15:26:00,C,국내,노*경,2025
ES25-206,2025-07-04 15:26:00,C,국내,노*경,2025
ES25-205,2025-07-01 13:37:00,A,국내,권*태,2025
ES25-203,2025-07-01 09:44:00,R,국내,남*모,2025
ES25-202,2025-07-01 09:56:00,K,국내,박*호,2025
ES25-201,2025-06-30 16:53:00,E,국내,박*호,2025
ES25-200,2025-06-26 09:13:00,K,국내,김*민,2025
ES25-199,2025-06-24 10:13:00,K,국내,김*민,2025
ES25-198,2025-06-24 10:12:00,K,국내,박*호,2025
ES25-197,2025-06-26 09:11:00,K,국내,박*호,2025
ES25-196,2025-06-20 12:09:00,K,국내,노*경,2025
ES25-195,2025-06-19 13:55:00,C,국내,노*경,2025
ES25-194,2025-06-19 12:00:00,B,국내,남*모,2025
ES25-193,2025-06-18 08:40:00,B,국내,김*민,2025
ES25-192,2025-06-13 17:00:00,C,국내,노*경,2025
ES25-191,2025-06-13 12:34:00,K,국내,노*경,2025
ES25-190,2025-06-16 09:47:00,K,국내,남*모,2025
ES25-189,2025-06-12 17:12:00,K,국내,노*경,2025
ES25-188,2025-06-12 17:11:00,I,국내,노*경,2025
ES25-187,2025-06-12 17:10:00,I,국내,노*경,2025
ES25-186,2025-06-13 09:26:00,A,국내,박*호,2025
ES25-185,2025-06-13 09:08:00,A,국내,노*경,2025
ES25-184,2025-06-11 10:53:00,G,국내,노*경,2025
ES25-183,2025-06-16 09:08:00,O,국내,김*민,2025
ES25-182,2025-06-11 10:42:00,D,국내,노*경,2025
ES25-181,2025-06-10 18:14:00,G,국내,남*모,2025
ES25-180,2025-06-10 17:51:00,K,국내,노*경,2025
ES25-179,2025-06-10 18:01:00,L,국내,박*호,2025
ES25-178,2025-06-09 10:21:00,K,국내,나*준,2025
ES25-177,2025-06-09 14:30:00,B,국내,박*호,2025
ES25-176,2025-06-05 11:40:00,K,국내,노*경,2025
ES25-175,2025-06-05 13:21:00,B,국내,김*민,2025
ES25-174,2025-05-29 13:40:00,E,국내,남*모,2025
ES25-173,2025-05-29 09:11:00,O,국내,박*호,2025
ES25-172,2025-05-28 11:22:00,E,국내,남*모,2025
ES25-171,2025-05-29 16:54:00,K,국내,노*경,2025
ES25-170,2025-05-27 13:21:00,B,국내,남*모,2025
ES25-169,2025-05-27 13:31:00,C,국내,노*경,2025
ES25-168,2025-05-26 09:26:00,E,국내,노*경,2025
ES25-167,2025-05-26 14:26:00,K,국내,노*경,2025
ES25-166,2025-05-22 15:34:00,B,국내,남*모,2025
ES25-165,2025-05-21 14:03:00,C,국내,노*경,2025
ES25-164,2025-05-21 11:44:00,L,국내,박*호,2025
ES25-163,2025-05-21 11:44:00,O,국내,남*모,2025
ES25-162,2025-05-20 11:00:00,D,국내,노*경,2025
ES25-161,2025-05-19 13:44:00,D,국내,김*민,2025
ES25-160,2025-05-19 14:19:00,R,국내,남*모,2025
ES25-159,2025-05-16 09:19:00,C,국내,노*경,2025
ES25-158,2025-05-15 09:11:00,I,국내,김*민,2025
ES25-157,2025-05-14 10:53:00,J,국내,노*경,2025
ES25-156,2025-05-13 11:36:00,E,국내,노*경,2025
ES25-155,2025-05-13 11:38:00,C,국내,노*경,2025
ES25-154,2025-05-09 15:54:00,E,국내,박*호,2025
ES25-153,2025-05-09 10:55:00,E,국내,노*경,2025
ES25-152,2025-05-09 17:11:00,L,국내,박*호,2025
ES25-151,2025-05-08 16:01:00,C,국내,노*경,2025
ES25-150,2025-05-08 19:42:00,G,국내,남*모,2025
ES25-149,2025-05-08 17:24:00,E,국내,노*경,2025
ES25-148,2025-05-08 16:02:00,C,국내,노*경,2025
ES25-147,2025-05-08 17:47:00,E,국내,박*호,2025
ES25-146,2025-05-07 19:01:00,K,해외,박*호,2025
ES25-145,2025-05-09 10:03:00,B,국내,김*민,2025
ES25-144,2025-05-07 10:23:00,C,국내,노*경,2025
ES25-143,2025-04-29 08:51:00,E,국내,박*호,2025
ES25-142,2025-04-28 19:47:00,E,국내,남*모,2025
ES25-141,2025-04-28 19:44:00,B,국내,남*모,2025
ES25-140,2025-04-29 08:51:00,L,국내,박*호,2025
ES25-139,2025-04-24 09:44:00,G,국내,남*모,2025
ES25-138,2025-04-22 15:36:00,E,국내,김*민,2025
ES25-137,2025-04-22 15:34:00,I,국내,김*민,2025
ES25-136,2025-04-22 15:36:00,E,국내,김*민,2025
ES25-135,2025-04-21 16:59:00,J,국내,박*호,2025
ES25-134,2025-04-22 16:38:00,K,국내,박*호,2025
ES25-133,2025-04-18 18:11:00,I,국내,박*호,2025
ES25-132,2025-04-18 18:08:00,K,국내,박*호,2025
ES25-131,2025-04-18 16:26:00,C,국내,노*경,2025
ES25-130,2025-04-17 14:39:00,E,국내,박*호,2025
ES25-129,2025-04-16 11:19:00,J,국내,노*경,2025
ES25-128,2025-04-17 09:04:00,J,국내,박*호,2025
ES25-127,2025-04-15 09:17:00,H,국내,나*준,2025
ES25-126,2025-04-15 16:44:00,A,국내,나*준,2025
ES25-125,2025-04-11 14:12:00,E,국내,박*호,2025
ES25-124,2025-04-15 17:29:00,K,해외,남*모,2025
ES25-123,2025-04-10 13:10:00,C,국내,노*경,2025
ES25-122,2025-04-10 13:10:00,K,해외,노*경,2025
ES25-121,2025-04-10 13:09:00,F,국내,노*경,2025
ES25-120,2025-04-09 11:57:00,K,국내,노*경,2025
ES25-119,2025-04-09 09:55:00,I,국내,나*준,2025
ES25-118,2025-04-09 13:21:00,B,국내,박*호,2025
ES25-117,2025-04-07 15:48:00,C,국내,노*경,2025
ES25-116,2025-04-04 11:48:00,E,국내,나*준,2025
ES25-115,2025-04-04 09:25:00,K,국내,나*준,2025
ES25-114,2025-04-08 10:49:00,J,국내,노*경,2025
ES25-113,2025-04-08 09:48:00,L,국내,나*준,2025
ES25-112,2025-04-02 11:11:00,C,국내,노*경,2025
ES25-111,2025-04-02 15:44:00,K,국내,박*호,2025
ES25-110,2025-04-02 11:23:00,D,국내,남*모,2025
ES25-109,2025-04-01 17:57:00,C,국내,노*경,2025
ES25-108,2025-03-31 14:51:00,J,국내,노*경,2025
ES25-107,2025-04-01 17:58:00,E,국내,노*경,2025
ES25-106,2025-03-31 11:35:00,E,국내,박*호,2025
ES25-105,2025-03-31 10:11:00,F,해외,박*호,2025
ES25-104,2025-03-31 10:10:00,K,국내,나*준,2025
ES25-103,2025-03-31 11:33:00,F,국내,남*모,2025
ES25-102,2025-03-28 11:01:00,L,국내,박*호,2025
ES25-101,2025-03-27 13:45:00,E,국내,노*경,2025
ES25-100,2025-03-27 14:17:00,K,국내,박*호,2025
ES25-099,2025-03-26 11:15:00,K,국내,노*경,2025
ES25-098,2025-03-26 11:39:00,K,국내,노*경,2025
ES25-097,2025-03-24 16:58:00,K,국내,노*경,2025
ES25-096,2025-03-24 16:58:00,C,국내,노*경,2025
ES25-095,2025-03-27 13:17:00,K,국내,노*경,2025
ES25-094,2025-03-27 13:17:00,K,국내,노*경,2025
ES25-093,2025-03-24 09:03:00,K,국내,노*경,2025
ES25-092,2025-03-21 14:58:00,E,국내,나*준,2025
ES25-091,2025-03-21 16:35:00,C,국내,노*경,2025
ES25-090,2025-03-21 09:16:00,E,국내,노*경,2025
ES25-089,2025-03-20 14:39:00,K,국내,나*준,2025
ES25-088,2025-03-20 09:08:00,C,국내,노*경,2025
ES25-087,2025-03-20 09:14:00,B,국내,노*경,2025
ES25-086,2025-03-19 08:53:00,E,국내,나*준,2025
ES25-085,2025-03-17 15:00:00,O,국내,나*준,2025
ES25-084,2025-03-14 11:54:00,K,국내,나*준,2025
ES25-083,2025-03-13 14:38:00,E,국내,남*모,2025
ES25-082,2025-03-13 14:27:00,E,국내,남*모,2025
ES25-081,2025-03-13 14:21:00,G,국내,남*모,2025
ES25-080,2025-03-13 12:13:00,K,국내,남*모,2025
ES25-079,2025-03-13 10:06:00,K,국내,나*준,2025
ES25-078,2025-03-12 09:26:00,K,국내,박*호,2025
ES25-077,2025-03-10 17:18:00,E,해외,남*모,2025
ES25-076,2025-03-07 16:35:00,K,국내,나*준,2025
ES25-075,2025-03-10 09:29:00,C,국내,노*경,2025
ES25-074,2025-03-10 09:47:00,E,국내,박*호,2025
ES25-073,2025-03-06 11:37:00,K,국내,박*호,2025
ES25-072,2025-03-06 09:58:00,E,국내,남*모,2025
ES25-071,2025-03-05 11:11:00,E,국내,노*경,2025
ES25-070,2025-03-04 13:05:00,E,국내,박*호,2025
ES25-069,2025-02-28 13:42:00,I,해외,나*준,2025
ES25-068,2025-02-28 10:46:00,F,국내,노*경,2025
ES25-067,2025-02-27 16:21:00,A,국내,김*민,2025
ES25-066,2025-02-27 09:35:00,K,국내,나*준,2025
ES25-065,2025-02-25 10:16:00,K,국내,나*준,2025
ES25-064,2025-02-25 12:00:00,C,국내,노*경,2025
ES25-063,2025-02-21 18:51:00,K,국내,나*준,2025
ES25-062,2025-02-19 10:59:00,K,국내,나*준,2025
ES25-061,2025-02-18 13:28:00,D,국내,박*호,2025
ES25-059,2025-02-18 09:42:00,J,국내,박*호,2025
ES25-058,2025-02-17 16:08:00,I,국내,노*경,2025
ES25-057,2025-02-14 12:29:00,I,국내,나*준,2025
ES25-056,2025-02-14 09:19:00,E,국내,박*호,2025
ES25-055,2025-02-12 17:03:00,C,국내,노*경,2025
ES25-054,2025-02-17 13:38:00,B,국내,권*태,2025
ES25-053,2025-02-12 09:11:00,I,국내,노*경,2025
ES25-052,2025-02-13 10:15:00,K,국내,박*호,2025
ES25-051,2025-02-11 16:06:00,E,국내,노*경,2025
ES25-050,2025-02-11 09:53:00,K,해외,나*준,2025
ES25-049,2025-02-10 17:42:00,E,국내,노*경,2025
ES25-048,2025-02-10 16:02:00,E,해외,노*경,2025
ES25-047,2025-02-07 15:07:00,K,국내,나*준,2025
ES25-046,2025-02-07 15:21:00,E,해외,박*호,2025
ES25-045,2025-02-07 15:08:00,E,국내,나*준,2025
ES25-044,2025-02-07 08:53:00,B,국내,나*준,2025
ES25-043,2025-02-07 09:05:00,J,국내,박*호,2025
ES25-042,2025-02-06 15:45:00,C,국내,노*경,2025
ES25-041,2025-02-06 08:59:00,D,국내,노*경,2025
ES25-040,2025-02-06 09:02:00,I,국내,노*경,2025
ES25-039,2025-02-05 10:58:00,E,해외,박*호,2025
ES25-038,2025-02-05 08:58:00,I,해외,나*준,2025
ES25-037,2025-02-05 11:11:00,I,국내,박*호,2025
ES25-036,2025-02-04 09:32:00,E,국내,남*모,2025
ES25-035,2025-01-24 13:19:00,K,국내,남*모,2025
ES25-034,2025-01-24 11:12:00,G,국내,남*모,2025
ES25-033,2025-01-23 17:10:00,E,국내,나*준,2025
ES25-032,2025-01-23 17:08:00,L,국내,나*준,2025
ES25-031,2025-01-23 13:45:00,C,국내,노*경,2025
ES25-030,2025-01-22 15:48:00,J,국내,박*호,2025
ES25-029,2025-01-21 17:52:00,K,국내,나*준,2025
ES25-028,2025-01-17 17:35:00,K,국내,나*준,2025
ES25-027,2025-01-17 17:42:00,E,국내,나*준,2025
ES25-026,2025-01-17 16:32:00,F,국내,노*경,2025
ES25-025,2025-01-17 16:23:00,F,국내,노*경,2025
ES25-024,2025-01-17 10:08:00,D,국내,박*호,2025
ES25-023,2025-01-16 18:01:00,G,국내,남*모,2025
ES25-022,2025-01-15 17:21:00,B,국내,남*모,2025
ES25-021,2025-01-15 17:43:00,K,국내,박*호,2025
ES25-020,2025-01-15 16:00:00,K,국내,남*모,2025
ES25-019,2025-01-15 13:06:00,J,국내,박*호,2025
ES25-018,2025-01-15 11:19:00,K,국내,나*준,2025
ES25-017,2025-01-14 16:41:00,B,국내,남*모,2025
ES25-016,2025-01-14 16:15:00,B,국내,남*모,2025
ES25-015,2025-01-14 10:39:00,F,국내,노*경,2025
ES25-014,2025-01-13 09:39:00,L,국내,나*준,2025
ES25-013,2025-01-13 13:27:00,B,해외,박*호,2025
ES25-012,2025-01-09 13:38:00,E,국내,박*호,2025
ES25-011,2025-01-09 09:32:00,F,국내,나*준,2025
ES25-010,2025-01-08 16:41:00,C,국내,노*경,2025
ES25-009,2025-01-14 09:02:00,F,국내,김*민,2025
ES25-008,2025-01-09 09:31:00,F,국내,나*준,2025
ES25-007,2025-01-08 08:40:00,F,국내,나*준,2025
ES25-006,2025-01-09 13:13:00,B,국내,김*민,2025
ES25-005,2025-01-07 08:55:00,E,해외,나*준,2025
ES25-004,2025-01-06 17:23:00,D,국내,노*경,2025
ES25-003,2025-01-06 13:53:00,F,국내,나*준,2025
ES25-002,2025-01-06 11:19:00,I,국내,노*경,2025
ES25-001,2025-01-06 11:43:00,F,국내,노*경,2025
